Nr_Camere,Suprafata,Etaj,Total_Etaje,City,Pret
4,108,2,3,15,83000
1,41,1,8,23,39900
3,63.52,1,3,13,84900
1,33,3,10,22,45500
2,62,5,9,14,54900
3,132,2,6,19,349990
2,49,6,6,8,36500
3,92,4,8,4,119000
3,68,3,5,15,67500
3,110,1,2,26,133000
3,74.7,5,5,25,122000
2,51,6,10,1,66800
2,50,8,9,14,79900
3,76,1,3,1,119900
2,62.2,1,5,10,87000
1,28,9,9,21,34000
2,55.35,5,5,16,93000
4,200,5,5,12,181500
4,99.55,1,4,5,145000
2,60.95,2,2,24,82500
3,84.02,3,5,16,184478
3,70,7,8,8,71000
2,46,7,10,5,53000
2,58,5,5,13,58900
2,71,2,6,14,49600
2,52,3,11,27,50500
2,60,3,3,2,55800
3,76,1,6,11,62900
1,35.06,10,12,23,60000
3,75,1,3,27,59500
2,63,3,8,14,78500
3,62,3,8,27,84900
2,50,2,3,9,57700
2,61,2,3,25,63000
2,53,8,10,6,57000
3,77,3,13,7,97900
4,128.65,2,3,16,265000
2,64,3,3,12,57500
2,56,3,11,4,59000
3,80,0,11,23,67900
2,51,2,3,21,56000
2,54,1,5,23,51300
1,37,1,5,18,36950
2,45.23,1,5,18,36300
2,66,2,5,9,79080
2,61.46,2,5,14,78000
2,54,3,3,21,77000
3,78.52,3,5,12,88100
3,80,3,3,9,73000
3,66,3,6,3,90000
2,61,0,11,4,53900
3,71.59,4,7,23,94000
3,78.4,2,11,27,142000
1,31,2,7,6,25000
3,107,3,3,5,220000
2,48.6,3,11,2,59000
2,82.92,3,7,8,64000
2,62.3,1,7,27,107800
2,52,4,8,23,56500
5,100,1,1,23,140000
1,39.2,1,6,9,45000
3,72.71,1,7,3,125000
2,60,1,4,6,69900
2,39.49,7,8,17,36500
1,37,2,10,21,69000
2,47,4,11,16,64181
3,98,1,8,14,204069
4,98,1,9,14,88500
2,52,0,3,25,44500
1,36,8,8,2,46000
2,42,0,3,8,40000
2,50,3,5,18,75597
3,64.26,2,11,21,73000
1,40,3,4,21,73000
3,74,3,5,13,83000
2,41,3,3,18,35500
3,89.81,3,7,12,73715
4,247,10,11,24,213900
2,58.14,2,3,17,76500
3,80,4,5,18,122364
2,65.6,1,5,17,55100
2,50,6,10,24,72000
3,110,1,5,18,239000
3,66.59,1,10,5,92000
2,53,2,3,5,75000
1,44.06,1,5,3,55075
2,48,1,4,21,44555
2,57,0,3,22,75672
2,49,3,3,17,81000
2,55.6,0,3,25,108600
3,70,8,9,6,73000
2,61,7,8,10,80000
1,30,8,10,14,45000
3,68,0,2,11,125000
2,64,2,6,18,140000
3,69,0,2,25,125000
3,67,4,9,22,73000
3,65,1,4,11,71900
2,55,1,3,4,49500
3,71,1,10,25,137000
2,60,1,2,1,84500
3,87,3,6,1,220000
3,130.15,7,10,15,205000
3,72,2,10,15,94000
4,87.7,4,9,8,134900
2,63,11,11,5,105000
2,72,4,12,1,120500
3,61,5,10,7,75000
2,55,2,4,19,88000
3,78.32,1,3,15,96000
2,42,1,7,22,52190
4,100,8,8,27,130000
2,43,9,9,27,67000
1,40.05,1,11,25,59500
2,61,6,7,15,113580
3,78.14,1,4,13,88400
2,57.87,1,4,20,55100
3,116,1,2,12,125000
2,56.3,7,11,19,75000
3,68.3,2,5,11,68300
2,67,6,10,13,92000
2,48.9,5,12,17,65160
4,137.57,6,6,2,220122
3,70,2,10,4,82900
2,48,2,5,2,49500
2,51,3,4,2,87900
2,48,8,8,23,73000
2,48,3,6,6,84000
2,49,2,4,17,48500
2,65.12,3,5,9,82375
2,59,1,2,18,71500
3,143,0,3,9,79990
2,52,3,3,4,71012
5,177.51,5,5,21,330000
1,36,3,4,8,32850
3,86,5,6,10,98000
2,53,6,10,16,53100
2,58,1,6,13,75400
3,60,2,4,9,64900
2,40,0,2,11,35500
1,36,1,3,19,47000
2,48.8,1,6,25,47000
1,34.4,1,3,26,35300
5,126.4,4,5,14,256110
1,30,1,3,2,29900
3,65,3,11,17,85510
3,60,0,8,3,65000
1,34,2,3,11,37300
3,66,1,4,6,75900
2,41,1,4,13,43000
2,58,2,3,1,45000
2,48.35,5,5,2,38000
2,40,1,5,11,35000
2,46,2,2,7,51900
1,31,1,4,23,39500
3,85,1,1,21,72250
2,50,2,4,3,49700
3,69.3,1,1,24,58900
4,105,1,4,22,102000
2,42,1,4,26,65500
3,104.26,1,11,25,238000
2,55,4,8,1,72500
3,63.52,1,3,11,84900
2,45,8,10,15,74000
2,50,0,5,4,76600
3,74,1,4,15,129325
3,72,2,4,10,123500
2,72,6,9,10,75500
2,51,8,9,26,78850
2,54,1,3,1,79500
4,108,2,7,21,83000
3,86,1,4,24,104500
3,85,3,4,17,130000
2,68.62,5,9,10,54896
2,51,3,6,14,52600
4,81,0,4,18,77900
2,65,10,11,10,53500
3,79,1,5,21,134505
1,34.2,2,3,13,53010
2,61,3,11,24,54900
3,73,4,8,25,129000
1,36,0,4,2,38900
2,64,1,4,21,95900
1,34.2,1,3,7,53010
4,113.67,4,7,16,270000
2,51.84,1,5,18,56800
2,50,0,4,12,47405
1,40,2,8,10,51500
2,55,2,6,6,47000
2,55,1,3,10,55000
3,68.03,1,5,11,65050
3,66.95,2,11,17,83000
1,37.4,1,6,6,33700
2,38.85,1,4,23,33300
4,102,0,5,18,229900
3,80,3,11,6,69500
3,80,2,8,23,125000
3,71,1,5,9,132000
2,70,4,9,4,82500
2,50,1,3,9,48450
4,82,1,4,20,78000
3,100,1,5,7,137000
2,51,2,4,17,65000
2,38,0,4,13,34900
3,55,1,11,27,95370
2,50,2,3,9,46150
2,55.45,5,5,23,58100
3,90,1,7,21,73715
3,87,4,8,19,75000
3,60.03,3,9,3,70952
4,85,4,4,6,58000
3,62,2,4,3,79000
4,87,1,3,25,129000
2,58,2,11,15,59000
2,57,1,4,12,53000
2,50.37,5,11,18,58000
2,38.85,1,6,20,34965
2,60,2,7,3,57000
2,59,1,1,11,79650
2,48,1,2,15,54800
3,88,1,6,5,98000
3,77.11,1,9,21,161626
2,56.5,1,5,24,112992
3,77.49,0,5,27,140000
4,205,6,7,1,248000
3,110,9,17,25,165000
3,94,3,3,16,142800
2,60,1,3,2,52000
3,104.26,1,11,27,238000
2,65,8,10,7,103000
2,54,0,5,11,54900
2,69,3,3,11,89000
3,115,10,11,1,150000
1,35.75,1,3,11,63900
3,80,1,3,11,159000
2,60,2,3,1,69500
2,55,1,4,10,61000
3,85.41,5,5,21,96500
3,72,1,11,18,123219
3,88,2,6,3,63900
2,55,1,3,11,62600
3,79,1,8,3,139990
2,64.55,1,5,11,80687
2,64,3,6,8,119500
2,60,3,4,6,59629
3,94.8,1,10,10,115000
3,107,6,10,22,124000
4,130,2,5,14,80000
3,112,3,8,7,87000
2,47,2,3,11,39995
2,79.03,5,13,13,215000
2,63,2,8,2,57000
2,51,0,2,3,46000
2,32,4,8,27,40800
3,139,2,6,4,290000
3,71,4,8,4,80000
3,85,5,6,7,71000
2,46,2,4,25,59500
3,67,10,10,21,67000
2,58,2,3,1,76779
3,67,2,4,25,142000
3,53,0,4,15,52900
2,52,1,4,1,43100
2,50,2,10,24,60000
3,105,6,10,24,99000
4,156,3,4,15,275000
2,51,8,10,4,48500
2,68.64,7,7,27,125000
2,50,2,5,11,42500
2,47,5,11,2,68500
3,82.49,6,11,20,150000
3,72.03,5,7,7,140000
2,55,3,9,16,75400
2,56,0,4,11,42500
3,75,0,3,9,97000
1,37,0,3,8,34900
3,72.1,3,3,13,69000
3,72,3,3,9,73000
3,118,0,2,17,110250
3,91.8,1,5,13,114750
3,88,0,2,5,105000
3,76.3,1,10,6,161958
2,54,1,3,19,72000
3,63.5,3,6,18,65000
2,54,2,11,15,56000
2,44,3,3,14,56000
3,90,3,3,26,95000
3,110,2,4,14,170000
3,84,2,5,23,68100
1,35.1,5,11,3,45000
2,55,2,9,9,77400
2,51,1,5,12,93000
2,57,0,10,22,64800
2,57.23,2,5,4,66000
2,39.55,5,10,18,78000
3,79,3,4,9,73000
1,35.86,11,11,21,60000
2,51,1,10,6,69950
3,86,4,5,20,81383
2,54,3,5,20,45505
2,56,4,4,14,109000
2,40,4,6,2,44900
2,58,0,2,14,61000
2,50,4,9,19,51000
3,80,1,8,9,170500
2,48,2,4,5,60900
3,95,2,2,5,144000
3,72,3,8,25,109900
3,130.26,2,7,21,172000
3,88,2,7,9,97000
3,112,1,1,14,197154
3,70,7,8,27,75000
3,65,3,4,26,64500
1,47.22,1,2,21,54900
2,49.72,1,4,20,125000
3,74.2,3,3,11,59800
2,54,4,4,22,118000
4,110,4,6,12,209000
2,67.13,6,8,25,77000
3,86,3,4,27,86700
2,40,0,2,11,38500
2,56.57,0,5,1,64300
2,55,4,5,14,61500
3,64.85,4,8,3,94500
1,30,2,2,10,55000
2,53,1,2,5,50500
4,111,11,11,25,210931
2,56,1,4,15,85000
2,49,9,10,18,46000
3,79.64,5,7,22,100000
1,33,0,10,7,29499
2,50.22,3,7,17,51500
2,51,4,10,5,71000
3,84,1,4,17,122000
1,36,4,10,25,40900
3,98,1,5,10,150000
2,48,2,10,22,67000
3,155,1,5,25,360000
4,116,13,17,3,121000
7,210,0,4,13,299900
1,39.13,0,10,6,49500
3,100,6,8,9,167000
2,45,0,4,22,51500
3,68,1,8,4,76900
3,67,3,4,16,67000
2,56,5,10,21,79800
2,48,1,10,9,59900
3,110,2,2,3,229000
3,62,1,10,8,91000
2,55,4,4,16,78000
1,35,2,2,27,40500
3,100,5,5,12,100000
1,39,0,8,2,49000
2,56,3,9,15,79800
3,95,4,4,25,218000
2,57,6,10,20,65200
2,48.6,4,10,3,59500
3,98,8,8,26,129000
2,62,3,11,11,60500
2,37,1,2,22,49500
4,93,8,8,10,138000
2,64.87,7,7,10,56000
3,78,3,4,20,85000
4,80,0,10,23,76000
3,78,2,11,27,99574
2,45,2,3,18,75000
1,47.19,5,6,1,75504
3,76,6,11,12,102000
2,56.46,10,13,27,165000
2,52,2,4,10,57990
2,47,2,10,18,92900
3,65,5,10,14,73000
2,64.19,4,4,2,109500
1,49,1,11,21,82447
1,45,6,8,16,63500
3,115,6,6,22,237000
2,47,8,8,8,60000
1,41,10,10,15,44000
2,59.85,1,11,16,79500
3,62,6,10,12,57000
3,76,1,8,5,172000
3,74,1,8,20,56000
3,86,5,5,24,165000
3,92.06,1,3,15,145927
2,50,1,5,15,42450
3,68,4,5,9,163000
2,50.93,1,3,15,57400
4,96,3,8,19,126000
2,56,3,4,10,59900
2,52,0,4,11,73500
2,46,5,5,17,61500
2,60,0,8,12,63499
2,57,3,4,13,89400
2,60.27,4,10,21,64000
1,48,3,8,27,88500
3,65.97,1,3,21,161907
2,101,0,1,24,184000
2,47,3,3,8,87000
2,63,13,16,19,125000
4,82,8,10,5,112000
2,54,1,4,12,111900
2,54.63,1,2,1,86500
2,59.67,1,4,18,69900
3,74.95,13,14,1,66957
3,90,3,3,2,135000
2,48.44,1,4,19,45400
2,58.01,5,10,15,170000
3,80,2,4,17,123000
2,49,5,10,15,48999
3,75,3,8,15,72000
2,51,0,4,5,90000
2,47,2,7,17,66000
2,53,8,10,13,56000
2,55,2,2,27,57700
2,56,2,6,2,105000
2,63,1,11,2,59900
3,66,1,2,19,130000
3,84.55,2,2,23,118500
1,32,8,10,18,36000
3,90,2,4,17,72100
3,69,5,8,16,82000
4,91,3,5,22,82600
3,130,0,8,9,89000
3,95,1,3,11,139000
1,44.06,1,5,9,55075
3,77,8,10,2,76000
2,50,3,4,11,68000
4,82,2,10,2,110000
4,199.3,10,10,2,248000
2,74,11,16,14,135000
2,54,4,4,20,54000
1,40,3,8,1,55000
2,59.35,2,2,21,80000
2,61,4,5,24,67150
3,63,4,7,24,105550
2,59.9,2,7,26,57500
3,67.62,5,5,22,57500
3,68,3,5,17,64900
3,70,1,8,3,65500
2,53,8,10,7,54900
2,64,0,4,9,127000
3,123.49,1,7,15,139000
3,87,3,7,19,78900
5,170,0,1,24,275000
2,64,7,10,13,53900
2,49.25,7,10,26,52900
3,84,1,5,26,133820
2,59,3,5,5,52672
2,53.75,5,5,7,91000
3,90,2,3,19,128000
5,180,1,2,17,299000
1,38,5,5,23,38000
2,52,4,6,5,55000
3,126,5,5,11,243000
2,64.77,1,3,10,105000
3,74.95,13,14,20,66957
1,45,1,5,18,36000
2,67,2,3,1,61000
2,64,1,5,11,95000
2,53,3,10,27,59500
2,57,4,5,2,49900
4,90,3,8,16,169000
2,57,4,5,15,139900
2,75,4,5,6,125539
3,93.9,3,8,19,85605
1,46,3,3,7,64204
1,40,9,11,1,49524
3,74,9,10,24,65900
3,74,5,10,3,66400
2,61.9,2,8,21,59470
2,50,0,4,4,60000
2,55,4,7,1,82000
3,77,0,4,25,82500
2,57,9,9,18,75200
3,75,2,5,5,73000
3,90,1,7,22,73715
2,52.37,4,7,22,120000
2,51,12,14,27,67500
3,96,2,5,4,146000
3,79,1,5,23,189000
3,96.3,6,12,21,269000
3,80,0,1,5,92000
3,100,4,7,24,129200
3,103,2,12,5,248000
1,43,1,4,13,42800
3,70,1,5,14,57000
3,93,4,5,6,64600
2,53.6,1,5,25,51050
3,80.94,5,9,6,85000
1,28,1,1,2,22500
2,55,1,4,3,60500
1,30,1,4,10,39999
2,44,4,5,11,43500
3,79.9,2,3,23,100000
4,263,5,5,15,495000
2,50,1,3,12,45000
1,32,1,3,17,60900
2,59,7,9,7,78300
3,92,9,9,6,109000
3,80,1,8,19,170500
2,45.87,1,8,14,62000
2,58,0,3,2,76934
2,58,1,4,2,82950
2,46.3,0,11,2,64728
1,44,2,5,6,38000
2,54.3,1,11,12,118500
4,96,1,5,27,174839
2,60.25,2,9,13,70952
3,81.79,0,2,9,160000
2,51,0,3,7,46100
3,67.7,0,7,1,93426
2,67,3,3,1,49900
3,65,5,10,19,80100
2,46,2,3,19,40850
3,83,1,4,26,67200
4,143,2,5,12,273000
2,55,5,11,13,47900
3,80,0,3,9,106000
2,41.1,0,3,7,47500
2,51,6,8,6,55700
3,69,0,11,20,95312
3,78,2,7,22,88000
3,66.13,0,7,11,93426
3,72,2,11,17,73000
4,95,1,8,26,99000
2,66.5,2,6,6,57000
2,61,10,11,6,52500
4,110.1,2,11,5,185000
2,65,3,11,16,55900
2,53,1,7,24,46000
2,55,1,11,19,75000
3,97.5,2,6,3,169000
2,37.52,1,3,6,79000
3,112,0,1,26,84900
2,55,2,4,25,46600
3,80.28,0,2,16,96000
3,60,1,4,24,67000
1,35,1,4,14,43000
2,64,2,3,20,59993
2,61.75,2,11,26,64700
2,65,0,8,20,66500
4,89,8,8,17,89900
2,53,9,10,3,55990
3,66,5,10,22,65000
2,67,4,7,14,72000
2,55,1,3,14,45126
2,69.93,2,5,27,87413
2,52,7,7,7,81000
2,65.9,3,5,14,82375
2,46,1,5,10,49400
5,105,9,10,22,89000
3,150.24,5,6,21,390000
1,45.72,0,3,2,37000
2,56,1,8,20,115500
4,85,1,1,27,86000
2,38,1,5,17,47560
2,59,6,11,15,79500
2,56,2,11,9,71500
4,93,8,8,4,138000
2,52,0,2,25,46900
2,55,2,10,10,55000
3,86,3,3,10,59950
2,56,3,5,7,81360
1,31,5,10,27,38000
2,54,2,6,2,75500
4,90,4,8,16,159000
3,70,4,4,4,80000
1,40,0,10,22,67000
3,77,9,11,1,89500
3,84,4,4,20,143000
2,64.87,4,7,18,56953
2,46,3,6,6,59080
4,90,8,8,23,69900
2,56.3,10,11,17,75000
3,135,0,12,12,259000
3,73.25,8,11,7,103000
4,105,1,8,2,170400
1,32,1,4,1,47000
1,40,4,5,8,37000
3,82,1,4,7,140000
2,56.61,8,8,19,72000
6,106.95,1,2,27,128000
2,67,3,7,12,76500
3,83,4,9,10,120500
3,87,17,18,8,110000
3,81,2,4,24,83900
2,60.52,5,9,10,48416
1,38.71,1,6,20,43000
1,32.93,2,3,20,26600
3,74.95,13,14,1,66957
2,51,2,3,26,41800
3,81,7,8,4,155100
1,32.93,1,3,22,26600
3,80,2,6,4,103500
2,74.95,13,14,10,64457
1,32.86,2,3,27,26600
3,70,4,4,5,86900
2,53.74,2,6,9,60000
3,90,4,4,18,86000
3,143,0,5,4,79900
3,86,1,4,7,86900
2,61,1,3,12,69900
2,58.19,1,6,21,120089
2,53,0,5,24,58900
3,84.58,2,6,8,175824
3,94.77,1,6,10,196970
3,90,2,2,20,66900
2,51.97,2,3,21,56500
3,72.27,6,10,1,79500
1,34,1,3,21,49900
5,250,6,7,6,360000
2,49,4,4,3,47000
3,84,1,7,26,147300
3,91,3,4,1,79048
2,40,1,6,13,34900
4,85,4,4,4,58000
3,82.1,1,3,3,133900
3,79,1,14,18,98000
3,68,1,4,15,58800
1,37,7,10,13,72500
4,147,2,4,27,329000
2,51.8,3,11,24,99800
3,86,1,3,27,85000
1,41.5,2,4,20,37350
2,71,2,6,21,52285
2,64.55,1,5,11,80687
1,35,1,2,24,43700
4,97.72,1,3,13,78000
2,78,3,4,26,64000
2,51,4,4,19,57000
3,78.54,1,11,5,178000
2,65,2,7,25,56000
2,60,1,3,25,55000
2,71,6,9,21,74500
2,48.83,2,10,9,61000
2,39,1,5,13,51660
3,73,4,7,5,84900
2,50,4,4,7,57999
3,74,7,8,4,127000
2,56,0,2,12,59000
3,111.89,3,6,11,179024
2,56.3,9,11,4,75000
3,70,7,8,14,80000
4,76.7,5,8,24,85500
3,81,4,4,16,145000
3,92.5,1,2,3,150000
3,75,2,5,23,62910
3,82,2,3,26,55000
4,82,0,3,20,72900
2,56,1,8,24,71000
2,59,2,5,2,46650
2,55,0,4,16,59500
1,46.78,1,7,2,41429
3,116,0,4,15,108225
2,52,10,10,7,45900
2,81,7,9,21,146454
3,77,1,3,25,68500
2,63.08,2,6,27,149000
3,131,1,9,5,227453
2,70,1,3,22,46500
2,56.3,6,11,26,75000
5,111,2,10,2,289000
2,57,2,2,22,48200
3,74,1,2,5,95000
2,55.71,8,10,2,77500
1,16,4,5,3,19905
3,145,1,3,6,179000
1,36,1,4,19,35500
3,80,0,5,4,229900
1,40,0,4,2,46000
2,61.08,1,6,9,109000
3,80,1,3,14,86000
3,60,1,10,24,80000
3,127,3,6,24,330000
2,38,0,6,26,29500
2,53,7,10,19,52000
3,78,1,7,9,97000
3,85,2,4,9,82900
3,145,2,2,12,149000
2,47,3,7,4,52000
4,81,4,4,4,95000
2,63,2,6,13,155000
2,55,2,10,10,49900
2,61,1,4,6,69000
5,131,1,4,22,155000
3,71,6,6,20,102000
2,58,1,5,6,52155
2,53.64,3,13,4,160000
3,75,1,4,3,58100
2,60.1,5,5,7,100000
3,36,1,4,26,36000
2,66,2,5,17,80688
3,68,1,5,19,67500
2,49,1,5,15,41500
2,74.95,13,14,18,64457
2,55,5,8,26,75000
3,71,3,3,3,56500
2,51,3,10,8,50500
3,85,1,2,1,165000
3,80,3,3,21,140000
3,106.44,3,6,4,220000
3,88.9,5,5,10,143500
2,64,1,5,17,95000
3,73.2,0,3,22,83300
2,41,2,10,5,49900
3,84,1,3,16,115000
2,90,1,2,21,109000
3,96,6,7,8,129600
2,60,1,5,27,56200
2,40,8,8,10,34000
3,81,7,8,27,138750
2,49,1,4,16,64090
3,67,2,10,20,129508
3,75,3,5,9,62900
3,78,1,3,18,99000
4,89,4,4,3,98000
3,76.51,1,5,19,88800
2,59,2,7,10,67500
2,53,1,3,8,42500
2,51.24,1,3,16,46116
3,75,1,3,12,97000
2,53,1,9,12,65700
2,64,2,4,27,54500
2,76,0,3,21,82800
2,61,1,8,10,69350
3,88,3,9,6,103200
3,118,1,4,22,120000
3,88.15,5,6,10,150500
3,93.9,2,5,9,141000
3,80,5,11,20,70500
1,35,1,3,6,35250
2,52,2,11,23,48100
3,79.85,5,6,23,136000
1,37,0,3,15,34900
3,90,4,7,8,119800
2,49.02,1,3,4,39683
2,65,1,4,13,129000
1,45,1,5,25,33600
2,58.15,3,6,8,99000
2,55,2,9,13,77400
1,35,1,4,16,43000
2,65.75,1,11,4,145500
3,79.2,3,11,27,144000
2,76,5,8,6,140000
3,76,1,9,19,110000
4,115.3,1,1,17,191000
1,38,2,3,2,34500
3,86,2,4,13,77500
5,147,0,1,9,225000
3,70.19,3,5,8,140384
2,54.3,5,11,10,123500
2,55,2,9,3,77400
1,35,0,5,3,34500
3,88,3,4,22,123500
2,59,6,10,2,65500
3,73,1,3,12,110000
3,70.06,3,9,24,117460
3,71,2,11,18,95105
3,108,2,4,6,82000
3,73.04,0,5,15,135000
4,136.61,5,5,15,160000
2,57.34,1,5,14,83800
3,90,3,6,9,165000
2,50,10,10,17,56000
2,58.15,6,10,16,118000
1,34,1,3,8,37000
4,99,3,9,26,145000
3,126,5,5,24,243000
3,102.25,2,3,17,89000
2,59.75,4,11,26,79500
2,52,5,10,20,63000
1,36,7,8,5,39999
4,136,1,3,22,233000
2,87.05,4,6,3,119900
2,50,9,10,23,55000
2,64.87,6,7,7,56000
3,92.6,4,7,7,157510
1,40,4,6,13,69900
7,162,0,1,25,318000
2,56.45,6,11,13,73000
4,136,3,3,10,199000
3,71.65,7,11,27,103000
5,141,1,4,13,267000
2,64.87,3,7,8,56953
4,123,1,3,9,120000
3,84,4,4,9,68500
2,59.75,5,11,1,79500
2,53,1,11,21,56000
3,80,2,4,24,176160
3,88.79,5,7,2,72760
2,56,4,11,24,58000
3,70.82,2,11,8,98000
2,63,1,3,15,58500
4,176.22,7,13,14,495000
2,58,2,3,26,76779
2,43,2,6,13,37500
2,121,1,3,27,80885
2,50,1,5,13,41915
2,68,6,9,15,74000
1,35,1,3,6,49900
1,45,1,5,25,33600
2,50,2,3,10,76779
2,54.18,2,5,24,61000
2,44.8,1,10,18,92000
2,52,2,3,14,45600
2,60,2,4,11,68000
3,68,1,3,27,102000
3,68,8,8,19,75500
1,37,1,5,24,35190
2,58,0,3,8,79900
2,44,1,6,27,38500
1,32,0,5,10,40000
1,30,0,5,9,35000
2,57,1,3,27,54000
2,64,5,11,1,54990
2,50,2,3,24,71489
3,83,2,4,9,67100
2,58,3,9,13,82900
3,79,1,4,4,68800
2,51,1,3,14,79500
4,126,2,5,27,180000
1,42,7,8,20,69900
4,108,0,2,14,168000
1,33,0,10,6,39500
2,84,2,3,20,87150
4,130,0,2,19,125000
3,71.65,6,11,25,103000
2,52,5,8,19,68700
2,58,7,10,2,84000
3,48,9,9,16,100000
2,58,2,4,13,48100
2,59.75,9,11,23,79500
2,55,2,2,12,85000
3,108,3,3,18,199000
3,71.85,4,11,16,87900
2,50,1,7,16,48500
1,34,1,5,22,45900
3,92,2,3,26,157000
3,70,3,5,4,89953
4,158,5,6,12,435000
4,87,1,5,22,90000
5,147,6,9,21,294000
3,73,5,8,20,104500
2,52.18,4,7,4,80453
3,85,2,2,26,144500
2,52,10,10,23,62000
3,89.81,7,7,8,73715
1,32.24,0,3,18,38300
2,36,0,6,24,31700
2,56,1,1,17,47600
2,51,2,3,27,58285
3,62.66,0,3,26,50725
4,82,0,4,16,84000
2,50,1,3,7,71489
1,32,0,5,22,40000
3,75,6,8,11,130000
3,64,1,11,23,111741
5,100,2,2,10,144000
2,39,1,4,7,34600
1,37,8,8,8,58800
2,57,1,5,18,136900
3,68,4,5,4,73520
2,64,6,8,21,126000
2,61,2,7,14,70500
2,57,1,5,24,57500
3,200,0,4,11,238000
1,39,2,3,24,45700
2,55,11,11,18,46500
4,121,2,3,23,190596
2,58.26,0,5,25,75000
3,82,1,3,5,66500
2,56.62,2,3,25,65200
2,51,1,4,9,65000
2,37.4,1,1,22,35600
2,49,3,4,19,60999
3,70,2,5,26,89953
4,142,1,2,12,135000
2,48,0,8,6,59500
3,86,2,3,20,125000
3,76,1,2,2,98000
3,69,8,10,24,60000
1,44,1,8,3,47000
3,88,2,2,11,135000
2,58,0,5,9,85000
3,78,6,8,15,130000
3,103,1,5,13,84500
2,46.31,6,11,12,50500
2,55,0,4,6,99000
2,58,0,3,23,84000
3,62,1,4,11,79000
3,77,2,5,16,68500
3,70,0,5,12,56900
3,90,1,5,15,125000
2,54,1,5,8,94000
2,50.97,2,3,19,91000
2,64,0,5,20,56000
2,45,1,6,2,66500
2,37,1,3,27,63000
2,50,5,6,26,45000
2,55,3,3,8,83000
2,53.5,1,4,21,73200
2,47,0,2,11,84000
3,79,1,10,21,97500
2,72,1,1,24,56850
1,29,0,9,23,36900
3,72,9,10,25,92200
2,63,2,4,6,51900
4,116,5,6,16,280000
2,49,5,10,9,57000
1,40,3,8,14,51000
3,70,5,8,1,82000
3,70,2,4,20,130000
2,78,1,5,23,147000
3,123,4,6,13,300000
3,78,8,8,16,99900
3,70,0,4,14,74990
2,52,1,7,8,62000
2,61,1,5,27,58900
2,50,4,10,21,49500
1,39,1,1,10,43000
4,121,2,3,24,190596
1,40.05,9,11,7,62000
3,100.12,0,17,14,115000
3,102,2,3,22,109000
3,75.75,2,4,9,126139
2,50,2,4,13,60000
3,70,0,7,1,65000
2,82,2,16,22,130000
3,78,3,8,25,149000
3,77,7,10,2,95000
2,45,2,4,7,38000
3,69,7,8,16,146000
2,40,1,2,10,29150
4,98,5,11,10,80000
2,47,8,11,4,68500
3,64,6,10,5,78900
3,118.56,12,13,18,340000
3,113,4,5,17,250000
2,64,2,9,25,72400
3,117,10,11,13,179900
2,51,2,2,15,52000
4,95,2,8,7,125000
3,66,5,8,15,79000
2,65,6,7,2,113000
3,86,2,9,12,168000
1,31,10,10,6,45000
4,97,2,5,11,210000
3,100,2,2,6,160000
1,45.69,1,3,11,80824
2,60,0,8,14,78900
3,72,7,8,16,98000
2,50,2,2,23,79900
2,60,4,4,3,53500
2,57,8,8,7,59499
3,88,10,11,22,150000
3,70,7,9,8,79000
3,78,2,3,10,99000
4,170,15,17,7,239000
3,98,2,3,14,104000
2,50,6,9,12,56800
4,93,0,8,12,119000
2,52,0,5,1,61000
2,58,8,8,24,79500
3,86,1,5,2,110000
2,70,1,7,8,170000
3,67,4,8,20,110000
3,63,9,11,22,91000
3,70,4,8,9,73000
2,62,2,3,25,84630
2,106,0,3,20,110000
2,63,3,3,19,93000
3,74,3,4,4,112000
2,72,1,3,7,69000
2,42,3,3,13,68000
2,64,2,6,5,140000
2,44,2,5,9,37500
2,50,6,10,16,48000
3,61,0,7,6,56425
3,79,0,3,10,150000
1,32,1,10,4,57000
1,44,0,3,7,59000
3,66,0,1,10,135000
1,44,1,3,24,54990
4,107,1,7,4,85620
3,72,6,6,27,140000
2,70,3,3,26,76500
3,77,1,3,9,70000
3,77,5,8,6,85000
3,111.45,5,5,24,260000
4,180,10,10,17,254000
3,82,1,3,22,91500
1,32,0,3,24,54900
4,102,7,8,20,168000
3,85,2,4,12,85000
2,68,7,16,26,118000
3,98,3,3,4,138000
1,41,5,5,25,31000
2,75,4,5,16,125539
2,62,3,3,13,85000
2,74.6,2,10,27,95000
2,58,1,4,16,56000
4,140,0,2,1,245000
3,64,0,4,14,68500
4,92,8,8,14,138000
1,41,7,8,22,46000
2,48,7,10,3,62000
2,57,3,3,14,75672
2,64.25,1,2,20,90000
2,60,4,8,27,99000
2,53,2,4,10,42000
3,64,1,4,22,73000
2,58.19,2,5,20,123043
4,174,3,5,18,475000
2,51,3,4,4,74500
3,70.35,2,3,13,114900
2,59.67,1,4,26,70900
3,77,0,4,7,82500
3,80,7,8,1,109000
2,40,0,3,8,30000
2,46,0,7,22,35900
2,57,1,4,23,47900
2,39,0,2,12,30000
3,68.8,0,3,24,130000
2,59,2,5,13,46500
3,70.35,2,3,26,114900
3,116,1,2,15,125000
2,54,1,4,16,58425
1,29,0,6,6,23500
1,39,1,2,4,48300
2,46.94,8,10,16,68000
3,92,3,11,19,108888
2,53.5,1,4,25,79000
3,80,3,5,1,138999
2,55,2,9,3,71800
2,52,2,3,4,48000
4,93,6,9,4,110950
3,70,3,10,21,77900
3,110,2,3,4,125000
5,198.5,5,5,9,435000
3,112,2,6,12,269000
2,46,2,5,24,53000
3,85.04,4,11,17,148000
3,69,3,3,13,96500
2,57,1,3,25,97999
3,89.81,7,7,23,73715
2,54,2,4,8,103000
3,80,1,6,26,211000
3,62,3,4,5,83500
3,70,2,4,23,112000
3,82,2,8,5,99500
2,63.4,5,7,16,133840
1,34,2,3,25,36000
3,71,1,6,17,99900
3,70,10,11,11,79900
2,54,3,4,27,59900
2,55,8,10,27,53500
2,64.87,6,7,14,56000
4,115,0,1,27,112900
1,45,0,5,5,46200
2,53,2,9,26,68500
3,70,3,8,20,105000
2,64,0,6,17,101900
2,42,4,8,13,63000
2,58.67,5,11,17,95000
3,75,6,8,15,85000
4,98,4,9,5,145000
1,38,7,8,9,61000
3,87,5,9,22,126500
2,60,3,3,24,78599
2,55,10,10,15,50000
2,60,6,9,17,120000
2,49.1,1,3,24,76100
4,124,1,3,8,210000
2,50,4,4,18,119000
3,63,1,4,9,58750
3,92,2,4,22,108000
2,65.9,3,5,14,82375
3,58,2,4,2,85000
2,56.1,5,10,7,112943
1,67,4,4,10,55845
4,64,9,10,19,63000
1,43,3,11,19,53512
1,36,1,4,20,50000
2,50,2,9,6,99750
2,73.85,1,3,19,117147
4,195.22,1,4,7,280000
2,56,7,10,7,58900
2,51.04,1,3,22,41800
3,72,4,4,2,99000
2,53,7,11,5,69900
3,73,8,9,21,73000
3,65,2,2,25,62500
1,43,1,11,20,55952
2,57,2,3,3,63000
2,60,6,9,1,144900
1,31,3,7,13,25000
4,86,7,8,5,87000
3,103,2,7,20,230000
3,62,0,4,7,87000
3,102,0,6,25,89000
1,43,1,4,5,42000
3,80,3,11,17,74990
3,61,4,5,5,91000
2,54,2,4,17,51100
3,60,2,4,23,73900
4,112,7,9,18,199000
2,52,1,5,2,82000
1,31,8,10,24,43000
2,65,1,3,3,59000
3,70,3,5,26,91683
3,100,0,7,19,74000
1,37,0,3,1,34900
2,58,1,3,2,47500
2,61,2,8,24,76000
1,37,4,10,8,72000
3,65,4,8,26,89900
2,46,2,3,20,57000
4,147,0,10,4,240000
4,119,5,6,1,237000
4,110.64,5,7,9,222450
3,70.5,1,7,12,69500
5,213,3,4,5,219000
2,56,8,10,25,78500
3,80,10,10,4,100000
2,78,4,7,25,155000
3,80,1,8,11,148000
1,37,5,5,15,38000
4,62,3,10,26,60000
5,135,4,7,2,160000
4,83,7,10,20,105990
2,54.35,0,11,14,130000
3,93,1,3,26,84900
2,48.35,4,4,23,53500
2,54.2,5,11,16,99000
2,64.76,3,8,10,85483
1,30,2,8,1,55000
3,93,1,4,1,111000
4,190,1,2,11,220000
3,64,6,8,23,130000
2,56,9,10,22,63000
3,88,2,4,14,120000
2,69,9,12,19,114650
2,48,3,4,24,58000
3,70,1,3,19,125000
2,40,3,3,22,38000
2,60.19,6,8,20,129980
2,62,4,4,27,83500
4,130,6,10,24,235000
2,67,4,6,1,101000
4,100,4,4,25,180000
2,59.85,3,11,9,79500
2,70,3,5,16,69900
3,70,3,8,18,115000
3,75,2,4,12,55650
3,88.79,1,7,17,72760
3,87.5,5,6,15,63900
3,77,1,5,3,74000
3,89.81,7,7,12,73715
2,60.25,10,11,20,79500
1,39,1,5,1,33500
2,59,2,4,27,57000
3,80,1,3,25,116500
3,88,3,9,18,125000
3,70.44,6,10,24,160000
2,45,1,2,15,73700
3,74.95,13,14,15,66957
2,64.87,7,7,11,56000
3,78.54,1,11,4,178000
3,89.01,4,11,4,89200
1,35,1,1,8,27900
2,52,3,11,4,50500
3,70.9,0,7,15,108131
3,64.75,0,2,16,85500
2,52.81,2,11,26,65000
2,64.87,4,7,21,56953
2,67,2,3,8,59950
2,50,1,8,6,42500
2,40,1,2,19,89900
1,34.4,1,3,4,35300
2,51.54,8,9,4,68500
2,116,5,6,4,280000
3,73.06,2,8,12,120000
3,75,3,8,1,97000
3,81.2,1,4,17,92900
3,83,5,6,23,62500
2,57,7,8,13,50000
3,59,0,8,18,66600
3,73,9,11,16,103000
3,69,6,10,1,66999
2,91,6,6,15,95000
2,46,2,3,17,43000
2,60,0,11,19,72100
3,70.17,4,4,17,86900
2,63,6,7,9,87000
3,96.19,1,7,20,187680
4,85,8,10,26,84500
1,33,2,7,16,30000
3,75,3,5,4,58000
2,49,3,11,10,71300
2,51,2,4,26,65000
1,37,0,3,17,40272
3,78,7,8,7,86900
4,84,10,10,14,105000
2,75,1,3,8,85000
1,36,0,8,5,45000
2,54,5,10,8,65000
2,54,2,3,13,61500
3,67,7,8,10,85000
2,56,10,11,25,99000
4,63,5,5,21,65000
3,90,5,16,22,100000
3,60,4,10,10,65000
2,56,4,8,23,73000
2,65.75,1,11,7,145500
3,62,1,4,2,79000
2,53.2,2,11,5,99400
1,40,4,8,20,66600
1,32,3,3,3,56900
3,101,7,8,21,195000
3,98,3,4,7,228000
2,60,6,6,27,80000
2,52.8,1,16,6,129000
1,34.2,1,3,25,53010
2,47,2,5,16,54800
2,44,0,4,27,49900
2,44,1,11,1,47000
2,53,3,9,15,65700
3,88,2,9,13,102300
4,173.31,1,11,19,400000
4,130.95,4,6,12,295000
3,75,1,2,19,63750
2,93.3,5,5,13,70479
2,48,3,6,8,109633
2,63,0,3,25,68500
3,89.5,2,3,8,123500
1,35.55,1,5,19,33860
2,49,3,6,15,65000
1,34,1,3,15,49500
1,37,0,3,24,40272
2,57,1,4,5,51100
2,46.15,1,5,9,43950
3,96,3,4,21,73900
1,37,0,3,16,40272
2,55.4,1,1,14,47100
2,56,2,4,3,59999
2,43,3,4,15,73100
2,64.87,1,7,11,56953
2,60,0,11,22,72100
4,150,6,6,2,349900
4,133,1,4,7,132000
2,56.8,1,4,13,48564
2,60,0,10,6,72100
4,81.5,0,8,9,76999
1,33,1,5,16,28500
2,73,9,9,4,96000
2,59.75,7,11,7,79500
1,46,3,3,14,64204
3,100,4,5,13,159000
2,54.93,2,3,8,61020
2,52,8,8,24,52700
3,108,10,11,21,108300
2,70,3,3,19,78500
1,37.19,5,7,5,60825
2,60,5,5,25,57000
2,52.4,1,4,25,41850
3,53,2,4,6,54200
2,50,6,6,2,45000
2,51.8,2,11,4,99400
2,70,1,5,15,190000
2,56,3,3,25,49999
3,67,2,11,7,83000
8,200,0,2,5,229000
4,90.29,4,10,21,84999
2,44.8,1,10,14,92000
2,64.87,5,7,27,56000
3,54.77,5,8,20,49900
2,64.55,1,5,16,80687
3,88.79,4,7,21,72760
2,52,2,10,3,52500
2,62,1,8,5,124000
2,51,6,6,14,62590
3,85,0,2,3,115000
2,55,5,12,9,92183
1,40,3,8,22,51600
3,110,2,8,20,125000
2,56,3,4,4,100000
3,74,3,3,12,102200
2,43,2,3,9,112000
2,53,6,8,26,55000
3,82,4,8,21,150000
2,63.24,2,6,11,125000
2,56,2,11,2,83000
2,64,2,3,13,132000
2,39.4,3,5,3,33155
2,53,1,5,19,45000
2,64.55,3,5,6,80687
3,89.81,6,7,2,73715
3,80.4,6,9,7,114000
4,125,0,5,12,319500
4,122,1,4,21,299000
2,63,1,10,6,110000
2,60,8,8,26,79900
2,46,5,7,1,67500
3,79,0,9,7,69900
3,64,7,10,27,58900
2,60,13,17,4,120000
4,88,4,9,15,96000
3,66,3,3,13,74900
3,100,5,6,13,233000
3,88.79,3,7,27,72760
2,53,4,10,10,97100
2,64.87,4,7,3,56953
3,65,6,10,24,59000
1,34,3,3,14,63000
2,44,1,5,19,37500
2,56,1,2,3,59000
2,47.15,1,4,24,73083
3,89.81,2,7,18,73715
2,60,1,8,15,44900
3,73,10,10,20,59000
2,54,4,6,11,51000
3,80,0,11,11,67900
2,51.14,6,8,27,71916
2,51,3,10,13,58000
3,67,0,11,1,95105
3,70.19,3,5,25,140384
3,82,8,8,25,91500
2,51,4,4,21,59900
3,72,4,8,4,84000
2,50,0,5,1,76600
2,60.14,0,9,13,67143
3,63,0,3,8,53300
2,43.5,2,5,7,50260
2,61,1,11,12,141500
4,98,5,8,20,102000
1,46,3,3,16,64204
2,45,1,3,12,62260
2,64,3,11,2,54990
3,73.04,0,5,12,135000
3,73,4,8,21,93600
3,110,4,4,6,225000
2,43.4,1,11,15,89400
1,34,1,3,17,37000
2,54.35,0,11,21,130000
7,264,12,12,18,320000
3,80,4,11,9,69500
3,66,2,10,26,74000
3,85,3,8,18,195000
2,55,1,2,14,57700
3,70.29,0,9,24,81805
1,30,1,3,22,36500
2,55.71,8,10,4,77500
4,123,2,3,20,255000
2,51.86,0,2,20,94300
2,56.3,10,11,13,75000
3,57,7,7,22,47000
3,95.61,5,6,10,152976
4,100,8,8,16,125000
2,60,3,4,27,118900
3,144.88,0,8,27,329000
3,77,4,5,11,137500
2,56.18,11,11,21,69000
4,85,4,4,6,58000
4,105,4,6,8,222000
3,82,3,5,22,74000
2,60,1,4,13,65000
3,69.54,6,11,21,75000
4,98,1,4,14,88000
3,85,3,8,8,79900
2,61,4,7,14,139000
2,51,0,3,19,48000
2,52,4,4,12,65900
2,68,4,4,13,51500
3,62,1,6,2,58700
1,36,3,4,9,35500
3,84,2,5,22,175000
3,86,3,6,20,71000
1,45,5,12,2,73983
4,141,1,3,25,385000
2,47,4,11,8,64181
3,64,4,4,15,69500
2,75.49,10,14,5,64921
2,56,1,3,14,85000
2,55,3,3,9,55000
3,138,1,2,5,79000
4,85,1,4,20,84990
2,50,3,5,20,55500
3,113,1,2,21,150000
6,211,3,3,8,280000
1,42,8,10,13,53500
3,80,4,7,24,139000
3,68,6,10,16,68000
2,55,9,11,16,59500
2,53,4,7,11,57000
2,52,7,10,6,53000
3,69,2,4,13,66000
5,164,1,5,25,400000
4,145,7,7,19,246700
2,65,2,8,24,64310
3,84,1,5,6,133820
1,46,3,3,26,64204
2,61,1,4,3,51200
2,50,1,4,16,81900
2,69.7,6,8,18,66492
1,34,1,5,3,45900
4,95,0,2,18,125000
2,50.45,7,10,2,57400
3,67,2,11,22,83000
3,107.13,1,5,14,133912
1,33,1,5,6,27950
2,56,2,3,12,55530
1,35,3,5,11,33400
3,78.6,2,8,21,75000
2,75,4,5,9,125539
2,60,9,9,9,78300
2,60,4,10,6,53900
2,80.22,2,12,27,145000
3,63,7,8,25,92000
4,143,5,5,23,91200
2,60,1,5,18,56000
1,32,0,5,26,37050
2,70,3,6,13,49600
3,86,2,5,22,78600
1,37,5,11,24,51905
2,42.77,1,10,20,85000
2,50,2,8,15,59000
3,88,15,17,26,115000
3,89.81,7,7,3,73715
2,51,1,5,9,44500
4,101,1,1,4,160000
2,47,3,8,20,119900
3,70,2,8,19,88000
2,80,2,16,3,130000
4,110.1,2,11,24,185000
3,114.2,6,6,21,182720
3,80,5,11,11,140000
2,68,2,8,8,197635
2,67.2,4,6,17,107520
3,97,10,16,27,165000
3,89.81,2,7,19,73715
2,60,6,9,18,160000
3,81.85,0,11,12,96000
4,127,2,3,10,246400
3,76.62,1,3,5,118417
2,59,2,4,16,71400
2,64,6,8,10,125000
2,53,2,11,3,73000
2,50,3,4,22,59900
2,53,4,10,8,56000
2,57,0,1,17,57500
3,145,5,5,21,245000
2,94,6,14,22,179000
1,37,1,8,17,76930
3,71.54,2,4,9,89952
1,37,7,9,14,47990
3,70,3,5,19,92715
2,52,1,5,19,82000
2,52.61,1,11,8,68700
2,53,5,10,16,57400
2,57,4,4,1,60300
2,59.5,3,11,22,67800
2,64,2,8,6,114500
3,60,0,3,26,72000
1,43.2,1,7,13,73815
3,60.54,8,10,15,159999
2,40,0,4,16,37900
2,51.3,10,11,23,99000
9,240,4,4,12,320000
2,51.67,5,7,17,102040
2,68,3,5,4,62500
3,73.5,3,4,13,92400
3,64,4,4,2,56000
2,56.45,8,11,7,73000
3,80,3,10,18,80000
1,42,1,6,9,40999
4,87.5,6,7,7,179835
2,60,0,10,11,72100
3,93,1,3,1,195000
2,45,5,6,19,53000
1,36.56,0,10,16,52500
2,48,1,4,10,44500
3,92.06,1,3,23,145927
1,47.19,5,6,3,87302
2,64,2,3,26,57500
3,95,2,9,20,125000
3,81,2,10,2,123000
3,71,2,11,26,95105
2,52.67,0,6,17,44500
2,60,2,3,18,52400
2,50,0,5,25,76600
2,48.53,0,4,22,93000
3,103,3,12,18,260400
2,55.05,2,11,26,75000
1,53.3,6,12,15,106451
3,123,1,2,15,219000
2,57,7,10,11,61900
2,51,1,3,21,80000
2,51.5,0,4,3,65400
1,30,5,5,14,25500
2,63.72,2,4,25,116700
2,58,2,5,11,53000
3,84,2,7,21,169000
2,52,0,2,9,63500
2,58.95,0,2,14,99000
2,61,4,4,5,89990
2,64,2,7,21,94000
3,83,2,5,14,145000
2,67,3,3,16,44850
2,52,4,12,5,103000
3,68.88,1,11,14,88000
2,87,4,6,16,130000
2,54,1,3,2,42500
2,53,6,8,18,55000
4,84,4,7,6,96000
3,75,1,8,22,170000
2,56.3,6,11,2,75000
2,53,8,10,1,62000
1,16,0,4,20,19900
2,75.49,10,14,6,64921
2,64.32,0,6,14,67536
2,57,0,3,15,40000
2,47.57,0,6,25,40500
2,62,2,12,26,92160
1,35,2,3,16,28500
2,48,8,10,16,83000
3,79.15,2,3,20,114550
3,80,3,3,10,125000
3,76,2,9,22,72000
2,37,1,4,5,35600
1,38.7,2,11,13,48500
3,72.1,1,11,10,103000
2,56,6,8,17,83990
2,62,1,3,9,62000
1,28,2,3,9,59000
3,90,14,24,26,127000
2,64,3,8,20,128000
3,86,5,5,27,170000
2,50,2,3,5,71000
4,81,2,4,23,85000
3,89.81,5,7,21,73715
2,48,1,2,27,48000
2,55,2,7,14,48000
1,35,10,10,7,35000
2,56,4,4,2,89900
1,37,1,9,14,43500
2,51,3,4,23,92000
1,39,5,6,25,75500
1,30,1,5,1,36000
4,75,1,8,27,119000
4,145,3,4,24,328000
2,58,2,3,26,44950
2,55,1,3,12,45000
3,100,4,5,3,130000
3,90,3,4,23,149000
2,49,2,7,13,43000
2,52,10,10,4,55000
3,67,0,3,18,110000
3,116,1,2,3,125000
2,62,2,4,20,53610
2,48,0,10,1,62000
3,60,1,1,7,105000
3,78.3,4,6,9,114000
3,70.9,0,7,20,108131
1,34,3,3,18,63000
2,52.2,3,11,5,103000
2,64.17,1,4,12,59000
2,57,1,4,13,62000
2,53,13,14,3,88000
2,40,0,6,14,39900
2,45,0,3,27,86500
2,54.55,0,11,13,83000
3,76.62,1,3,27,118417
3,74,4,5,12,127500
1,42,0,4,24,49200
2,50,4,7,2,57000
2,47,4,4,19,37500
1,32,1,3,23,47000
2,64.87,3,7,7,56953
3,82,3,6,23,169000
4,129,2,6,25,180000
2,54,3,10,11,70000
3,81,2,7,13,149080
2,56,1,2,7,84900
3,83,2,4,10,189000
1,32,0,4,26,41000
1,41,6,10,24,52000
3,65,1,4,17,50000
3,85,2,5,9,144500
2,53,0,8,18,79900
3,60,3,4,26,67000
2,53,0,5,7,76680
3,120,8,9,3,145000
4,85,0,8,1,74000
1,42,0,6,15,74500
1,23,3,4,24,34000
1,39,1,2,6,48300
2,71,5,5,22,84000
3,93,4,5,1,175000
3,84,5,6,8,170000
3,70,5,7,9,145000
3,91,2,6,6,174999
3,78,1,7,8,88000
1,30.5,2,6,23,47000
2,42,2,5,10,42500
3,64,9,10,12,77000
2,67.19,1,6,20,87350
3,75,3,4,21,86300
4,95,3,5,12,170000
2,56.5,1,5,6,113000
2,58.26,0,5,1,75000
2,54.3,1,11,24,118500
2,37,4,4,23,35900
2,60,2,6,5,49500
3,70,5,8,12,65000
3,87,17,18,18,110000
4,110.1,2,11,10,185000
1,41.34,4,6,17,73140
2,57,3,5,8,59000
1,27,3,3,17,59000
2,55,3,8,12,74000
3,70,4,5,21,135000
3,80,5,5,2,73000
2,56,0,4,12,58400
3,107,3,5,14,160000
2,47,2,4,16,52000
2,65,8,9,15,185000
3,55,5,6,22,85000
2,58.5,5,6,22,76050
2,64.74,3,4,11,115053
3,74,1,8,12,89000
2,64.74,3,4,4,115053
1,32.9,5,6,13,69900
4,87.46,2,3,2,214148
1,24.6,7,11,25,32000
3,63.41,3,3,24,125000
2,56.75,1,5,23,55386
4,81,0,4,6,111247
5,124,2,5,5,190000
4,100,4,5,12,185000
4,158.24,5,8,22,335000
2,65,1,4,3,69000
2,55,2,3,27,59000
2,64.87,6,7,20,56000
4,112.23,8,15,18,220000
3,74,5,5,22,74000
2,55,5,9,8,79800
2,64.87,3,7,22,56953
2,46,1,11,2,61078
4,90,2,5,26,86000
2,72.5,6,7,22,79750
3,77.51,5,7,18,160050
1,39,0,8,5,46500
2,54,3,9,24,65400
2,60,2,8,9,74600
1,36,6,9,16,36700
2,51,5,10,14,50500
2,55,1,3,12,46500
2,73,1,1,25,120000
3,71.1,0,11,26,110700
2,52,3,3,18,54900
2,57,0,10,2,66300
2,65.9,3,5,6,82375
3,230,6,6,18,450000
1,43,8,8,15,43500
2,36,1,4,22,43500
3,75,6,7,4,125000
3,92.23,5,5,9,132000
2,60,4,8,3,79500
2,55,5,8,3,92500
3,65,1,11,9,93250
1,38,1,3,18,35100
2,54,1,3,23,54100
2,56,2,4,17,52600
2,74,2,3,1,126000
2,48.37,3,5,2,40375
2,39.4,3,5,18,33155
2,53,1,4,1,58300
3,97,3,13,3,120000
3,80,4,11,6,74000
3,90.5,4,6,12,137000
3,88.62,4,8,19,169000
2,56,5,8,6,89000
3,73,3,7,19,169000
2,38,2,6,8,49700
2,53,3,11,2,55000
3,84,2,4,5,71904
3,80,3,6,8,113980
3,85,2,9,17,80000
3,88,1,6,6,172000
1,36,4,4,20,32850
3,71,3,5,1,89953
1,35,1,3,2,37000
3,64.45,4,11,15,103000
3,85,1,8,26,145000
3,66,1,8,20,77100
1,38,2,8,19,90000
2,46,7,7,7,79000
2,52,3,8,21,83000
2,61,1,3,10,81000
3,87,0,3,19,160000
4,82,1,11,3,116000
2,70,3,3,21,60999
3,70,1,4,12,73500
3,96.1,5,6,18,199000
4,121,7,7,9,138500
2,45,1,6,7,67000
3,114,3,5,7,179000
3,77,2,4,10,67500
2,58,2,5,4,47523
1,30,2,4,5,48300
2,65,0,7,21,99000
2,63,9,11,24,105000
2,60.4,1,4,14,58000
3,87.7,10,11,3,145000
2,45,2,3,5,48000
3,95.6,10,11,19,140000
2,58.5,1,9,26,118440
4,121,2,3,12,190596
3,72,2,4,2,68000
2,48,2,3,4,54800
2,50,2,5,2,41900
2,46,9,10,26,56300
2,78,1,4,27,64030
3,121,0,1,8,225000
2,43.4,8,11,4,97800
3,69,1,3,11,79500
3,70.9,3,7,19,106257
2,67,5,6,17,90600
2,59,2,7,2,105574
2,57,9,10,20,80950
2,50,2,8,17,62000
2,56,3,5,24,41500
3,71.36,2,4,24,120131
2,57,0,3,25,79540
2,54.3,1,11,8,118500
2,55,1,3,12,95200
3,85,5,7,5,73000
1,35.44,0,2,10,35900
1,38.7,2,5,17,35500
3,87,0,5,20,149900
2,57,5,10,23,57000
4,96,7,8,1,139000
3,65,1,11,25,93250
4,100,6,8,5,167000
2,51,3,4,5,49900
2,50,7,10,25,82000
2,97,1,6,1,81600
2,54,1,2,11,98000
2,58,5,7,18,105000
4,145,3,4,18,328000
3,133,0,2,5,147900
2,65.9,3,5,9,80688
2,40,6,11,4,55544
2,55,5,9,27,75411
2,46,2,3,15,57000
1,33,1,6,9,28500
2,50,2,9,12,59000
3,89.81,6,7,5,73715
2,52,1,11,25,50500
1,39,7,8,27,74000
1,31,2,3,3,27300
3,115.81,0,5,24,295000
4,100,6,8,18,150000
2,40,8,17,27,64000
3,86,2,3,26,125000
3,129,1,3,22,135000
4,161,1,5,5,405000
4,114,5,7,26,139000
2,55,1,5,15,55000
2,70,0,3,11,122900
2,72,6,10,13,122900
3,120,5,13,15,330000
3,65,0,4,17,106000
2,40,5,10,19,44999
1,35,4,10,23,46500
1,43,5,11,18,53512
3,70,3,4,24,89900
4,98,0,10,6,199900
1,32,2,3,11,62900
1,33,3,10,10,45400
2,95.54,0,2,5,125000
2,56,7,11,26,107500
2,48,3,3,5,89900
3,92,1,4,5,75000
2,36,1,4,11,40000
2,48,0,11,1,67899
1,33,3,3,1,56900
2,45,1,1,15,95000
2,69,5,8,21,142000
3,86,3,3,8,59900
2,51,1,3,26,79500
3,70,8,8,8,84900
4,92,3,5,12,203000
2,58,2,7,27,62000
4,136,3,3,8,229000
2,54,1,2,15,46900
2,50,1,2,20,54000
4,95,1,9,27,84000
2,59.8,7,8,19,55608
2,56,0,4,3,56000
2,42,2,5,23,72000
3,65.7,1,4,17,66500
1,48,1,11,9,69000
2,64,1,5,16,100269
3,87.5,5,6,10,65400
2,63,2,11,6,59900
1,32,1,3,25,60900
3,84,1,5,12,133820
2,72,3,9,14,82500
2,74.95,13,14,6,64457
3,102,1,1,5,185000
3,117,3,5,15,230000
2,56,1,5,10,63900
3,96,2,4,17,92500
2,104,1,4,8,145000
3,103,3,3,17,75000
1,33,1,5,9,28500
2,57,5,11,6,73000
2,70,0,5,5,154000
2,52,0,2,27,48700
2,64,8,9,6,62000
2,52,2,2,22,45600
3,84,5,5,19,130000
3,82,1,5,24,74000
3,62,1,3,22,55400
1,40,1,3,21,81000
2,62,3,4,17,52700
1,39,2,4,25,52000
3,98,4,11,3,289000
3,88,2,3,7,101500
2,52.55,4,5,14,94000
2,49,3,6,4,65000
3,64.5,2,3,24,63800
2,56,2,11,1,59000
3,70.18,2,11,10,75000
3,59.31,0,9,23,69048
4,95,7,8,14,139000
1,33,1,5,16,28500
2,60,0,3,9,179000
2,60,2,11,25,50990
1,36,4,4,6,43000
3,78.52,4,5,17,88100
3,90,2,4,6,71860
2,54,1,3,26,80687
2,49,2,3,22,39000
2,60,1,5,11,53200
4,124.3,3,12,25,330000
2,62.19,1,5,23,137000
2,57,1,4,3,57500
2,66,3,9,25,78100
3,102,4,16,11,168500
5,145,6,9,26,360000
3,70,3,5,20,89953
1,46.78,1,7,16,41429
4,81,8,10,8,95000
2,44,3,4,26,45500
2,50,2,4,15,60900
2,56,0,8,18,55500
3,62,3,3,9,85000
3,86,3,3,7,60000
3,71.36,2,4,7,120086
3,86,1,4,18,81500
2,50,0,4,27,75000
4,78,8,8,4,77801
2,53,8,8,4,65000
3,87,0,2,9,149000
3,116,1,2,19,125000
3,90,2,6,3,142000
6,240,8,8,7,249500
2,55,1,7,21,48000
3,78,8,8,22,115000
2,58,3,3,11,51000
3,88,2,9,23,102300
3,76.95,2,2,6,125500
3,90.15,2,6,11,153500
3,98,3,7,26,69900
3,73,5,11,9,69523
3,103,3,9,10,120800
3,89,2,7,26,72760
2,60,2,7,3,57000
2,51.33,5,6,18,149000
3,76,2,11,27,73000
2,58.2,0,5,22,84000
3,85,5,6,15,144500
2,59.65,2,6,14,101500
2,55,6,9,7,79800
2,58,2,4,3,56000
3,78.35,5,6,17,133500
2,53,1,2,6,49900
1,35,1,7,1,26900
2,55,5,9,2,79800
2,58,2,3,19,42857
2,74,1,7,3,73500
2,49,1,4,14,60000
4,140,3,3,1,149500
2,58,2,3,17,42750
2,57,1,3,2,57000
3,70.4,1,5,3,142100
1,35,0,2,6,33000
2,51,4,4,21,67400
2,60,1,4,4,49000
3,88.79,6,7,1,72760
3,85.46,1,5,26,191941
3,91,1,5,7,171000
2,55,1,2,26,57500
2,56.45,7,11,13,73000
1,30,1,3,12,24000
3,60,0,3,16,74700
2,58,1,5,6,115000
3,65,7,8,17,76000
1,43,10,10,24,55000
2,46,2,3,14,63000
2,54,1,4,4,48900
2,59.85,5,11,22,79500
3,76.95,3,11,26,102000
2,54,1,5,10,52000
2,52,9,12,5,86733
2,60,3,4,27,72400
1,41,2,12,2,67733
3,90,10,10,6,162000
2,50,1,5,19,50000
4,90,1,5,25,112455
2,47,6,8,19,90000
2,53.71,0,11,18,93000
3,89.81,5,7,6,73715
3,80,6,10,8,112000
3,61,10,10,11,69500
2,66,7,9,21,71850
2,48,6,8,8,76000
3,79,4,5,21,69850
3,79,1,5,12,133500
2,61.64,2,7,1,126160
3,80,2,4,13,176160
3,91.98,3,4,27,187000
2,57,10,16,7,124000
2,57,11,11,14,75000
3,94,1,5,22,111000
3,98,2,3,7,260000
1,38.84,2,6,11,37764
2,60,0,11,5,72100
3,76,7,8,13,100000
2,54,6,9,27,95000
3,87,0,2,24,115000
3,90,2,4,24,150000
2,63.83,6,8,2,125000
2,55,4,4,23,73000
1,48,3,8,13,88500
2,48,2,8,21,69000
2,62.94,4,6,2,100700
2,69.93,2,5,16,87413
3,65,2,4,17,77500
3,80,3,3,7,110000
3,65,2,4,11,97211
4,113,3,5,9,220000
2,58,1,8,11,62000
3,97,6,16,6,170000
2,63,7,8,23,71700
3,65,4,4,12,78000
4,120,4,5,3,340000
3,84,1,5,3,180000
3,89.81,6,7,16,73715
3,71.3,4,4,1,91400
4,126,6,8,2,229000
3,87,2,3,19,120000
2,68,3,3,24,154900
3,89.81,3,7,8,73715
8,350,0,1,19,450000
2,65,0,7,11,99000
1,33,2,5,8,28500
2,55,5,11,5,73000
2,69.93,3,5,25,87413
4,106.89,1,7,4,85619
2,62.94,2,6,22,97520
3,72.65,0,3,10,175759
2,55,3,3,19,109000
2,49.69,2,3,10,65000
3,85,0,8,7,105000
3,63,3,4,10,83500
2,62,1,3,15,84630
5,180,2,4,17,400000
2,39,1,5,18,38900
2,64.87,2,7,11,56953
3,107,2,3,16,150000
3,65,7,8,1,108000
5,159,2,3,16,149990
2,59,4,8,9,99950
3,54,0,2,8,94000
3,75,1,10,20,133000
3,84,2,3,10,119000
3,84,2,5,23,175000
3,70,0,3,5,74000
3,115,1,4,8,179000
2,40,8,9,13,72000
4,80,6,8,26,125000
2,60,6,10,20,53900
3,76,8,13,13,89900
3,95,3,8,25,84000
2,40,7,10,24,51000
3,109.51,1,5,1,245000
3,78,2,4,26,215000
3,110,2,6,14,300000
3,75,1,1,5,135000
2,57,0,3,21,75672
3,72,7,10,21,88000
5,140,3,3,26,260000
2,45,10,11,9,52000
2,62,2,10,16,99000
2,43,5,8,17,63500
2,57,6,10,23,65200
2,50,1,4,18,52400
3,78,5,8,15,84900
2,45.68,7,7,15,69895
3,70,7,7,4,89000
1,35,0,3,6,29000
3,77.05,11,11,10,88000
2,51,1,4,26,65000
2,55,2,4,21,41055
3,78.91,1,3,5,105000
2,70,4,8,7,112000
3,65,2,3,26,63000
4,89,3,4,25,92000
2,49.84,6,7,27,59900
2,51,2,3,8,71590
2,64,2,8,23,56000
3,102.34,5,17,3,119000
2,44,1,11,18,53700
2,51,5,8,13,83499
1,37,2,6,21,37800
2,55,2,10,6,97900
3,93.4,11,11,14,90000
1,34,3,3,7,63000
2,96,0,1,26,248000
3,85.1,4,6,18,129000
1,33,10,10,9,39500
3,74,1,7,18,139000
3,87,1,4,13,120000
3,60,3,4,8,124500
3,140.61,1,10,21,290000
2,67,4,5,26,57000
4,143,1,4,16,390000
7,214,2,2,15,300000
2,42,9,10,22,80000
2,44,7,7,11,54900
3,82,1,4,16,75200
4,79,0,8,24,82000
3,65,8,10,14,65900
3,89.81,5,7,23,73715
1,33,8,10,3,35000
1,41,5,12,21,67733
2,55,3,9,18,88000
2,59.85,2,11,9,79500
2,63,0,8,9,68700
2,44,1,10,15,47000
2,56,3,11,13,75000
2,50,8,10,10,61000
2,58,1,5,7,87375
2,47,7,11,11,48500
2,60.53,5,5,14,91800
3,89.81,4,7,21,73715
3,118,2,2,1,115000
2,60,1,3,9,40000
2,61,1,8,23,70000
2,103,0,6,18,62500
2,57,0,3,11,75672
2,49,3,9,12,105000
3,67,2,8,26,77000
3,54,1,11,16,93840
2,52,3,11,6,48100
2,51,3,11,13,50500
1,44.06,1,5,10,55075
2,30,1,4,22,34000
3,95,2,5,21,202000
3,63,2,3,3,82770
2,98.26,3,5,15,89000
3,71.45,5,5,7,117500
2,46,2,4,27,40500
2,63,0,3,12,52000
2,58.26,0,5,3,75000
3,86,1,5,5,189900
3,68,1,7,10,72500
2,53,0,2,4,54000
1,36,0,3,1,33238
4,90.32,2,9,13,135000
2,56.63,0,9,1,66667
3,79.73,1,3,18,64550
2,55.7,2,10,16,109685
2,65,3,3,2,95000
3,73,1,8,6,77300
3,88,0,3,16,250000
2,53,4,4,21,85000
2,56.3,8,11,18,75000
3,62.14,7,10,16,69000
2,50.9,5,5,25,59800
2,40,7,8,16,68000
2,53,2,10,7,56000
3,102,3,10,19,65000
3,64.9,0,11,6,125700
3,75,10,10,15,77000
3,94.33,1,2,1,126050
2,44,7,11,19,50900
2,67.2,5,6,14,107520
1,39,2,2,16,45700
2,56.45,9,11,25,73000
3,90,2,5,13,173000
2,56,8,8,8,105000
3,100,5,7,17,238000
1,40,1,4,5,43802
2,68.8,2,7,17,109440
2,40,1,2,1,89900
3,72.6,2,2,9,117000
3,100,4,4,25,92500
2,59,1,3,1,76997
2,64.87,7,7,14,56000
3,116,1,2,13,125000
2,42,1,7,3,39000
2,50,1,10,13,68500
2,54,2,6,13,78000
3,78.3,5,7,3,157550
3,77,5,11,22,102000
2,55,1,4,9,51040
3,84.5,3,11,23,95883
2,45,3,3,16,36250
2,56.3,4,11,13,75000
2,60,1,4,4,56000
2,52,9,12,8,86733
3,67.2,2,3,23,93000
4,90,2,5,24,112455
2,43,1,6,14,85500
2,36,1,3,15,43500
3,80,1,6,18,165000
3,106.86,0,10,23,125500
2,40,1,3,6,112000
2,60,6,9,1,120000
1,33,2,6,21,28500
3,81,0,1,4,79500
2,53.3,4,12,18,106451
2,55,1,3,21,44590
2,56,1,8,19,73300
2,42,1,6,23,61900
3,59.4,4,5,18,74300
2,55,3,11,20,56000
2,48,2,8,4,95000
2,43.67,0,8,3,63396
2,62,2,11,4,65000
2,48,0,8,25,68400
2,63,2,7,9,73000
3,104.26,5,11,12,255000
2,56.67,2,5,12,69700
2,51.77,3,11,10,64000
1,35,0,4,4,37997
2,60,4,11,19,50990
3,74,7,10,20,72000
2,43.4,1,11,8,89400
2,60,6,11,5,53900
2,55,5,11,5,47900
2,64,1,2,20,89500
3,68,2,8,9,109800
2,45.23,2,5,23,52800
1,41,7,8,24,46200
2,51.75,1,3,3,84900
3,70,3,8,17,114900
2,45,0,8,9,66504
1,35,0,4,11,38900
2,59.1,2,5,23,49100
2,44,3,3,7,56000
2,52,3,4,22,62000
3,61,3,9,21,92000
2,53.5,0,4,15,85600
2,49.9,7,8,24,97120
4,126,6,7,14,229000
3,63.1,5,10,20,68000
2,39.4,5,5,22,30000
1,43,1,3,13,52440
2,51,9,10,17,67500
2,57,1,4,4,84900
3,75,7,8,2,103000
3,83.75,5,11,7,146000
2,65,4,4,17,100000
2,56,2,6,6,63000
3,88.79,5,7,1,72760
3,72.96,6,8,12,150000
2,45,1,11,12,75334
2,55,7,8,26,105000
3,79,7,8,25,139500
3,89.81,3,7,14,73715
4,81,2,6,16,149870
2,55,5,8,3,83500
3,70.6,0,11,12,105000
3,72.5,4,4,5,94900
3,102,20,24,10,101000
2,56,2,10,11,73000
3,75,4,8,17,99000
2,40,0,3,7,69000
2,50,1,5,22,39950
2,63,3,11,15,59900
2,43,3,4,14,39500
2,46.87,0,2,27,43700
3,91,1,5,27,236000
2,50.7,1,5,10,146000
1,37,1,5,21,44000
4,115,1,1,15,320000
2,55,2,9,12,77400
3,76,1,3,15,67200
2,53,5,5,14,56000
4,137,1,6,19,299500
3,66.95,2,11,3,83000
2,57,2,3,24,51133
3,85,2,3,19,74990
2,93,0,3,21,77000
2,50,1,2,19,50000
2,55,1,3,2,46750
2,52,2,5,2,49900
2,49,1,4,22,55500
2,63,2,11,24,59900
3,85,2,3,3,71428
2,61.07,6,7,24,115000
2,68,1,3,14,75000
3,157,1,7,17,164000
2,55,2,9,14,75000
2,60,1,3,4,49000
2,59,3,11,25,67140
3,110,2,3,21,125000
2,58,7,9,20,62000
4,106.75,2,5,24,185000
2,42,3,4,13,41900
3,71.99,3,11,19,80000
1,33,1,5,10,30000
3,84.76,6,8,27,96000
2,48,1,3,2,91900
2,50,1,6,10,47500
1,44.06,1,5,23,55075
2,55,8,10,5,57000
1,42,1,3,13,49300
2,51,1,8,16,66500
2,50,2,4,2,52000
3,86,2,4,19,83000
3,74.95,13,14,5,66957
2,57,6,10,17,74500
2,43,4,5,23,43000
5,137,4,5,18,287500
3,85,5,5,3,76900
3,70,8,10,17,61900
2,55,1,2,14,75900
2,65,3,3,26,76000
3,68,2,5,26,60000
3,86,4,5,14,199900
3,86,1,3,1,71000
2,61,1,4,26,74000
2,55,2,9,9,79800
2,55,4,9,23,79800
2,43,8,8,3,39000
3,78,8,9,9,99000
3,148.97,0,4,12,138999
2,50,3,4,5,115000
2,50,3,4,4,115000
2,58.44,4,5,15,131128
2,52,1,4,6,65000
2,53,1,7,16,46000
2,50,3,4,2,59900
2,46,1,7,18,42000
1,35,1,7,26,32000
2,56,1,11,22,73000
3,89.5,1,3,25,123500
2,59.93,6,6,21,51000
2,47.6,0,6,17,40500
2,71.36,2,4,15,107383
2,55.1,1,1,4,67200
2,56.75,2,6,2,97000
1,39,1,6,12,36000
3,71.36,2,4,1,120086
2,66,3,4,1,64934
3,76,6,8,10,64000
2,72,1,5,7,66800
2,50,0,4,24,63900
2,46.31,5,11,22,50500
2,46,6,9,8,58000
1,33,3,5,16,34900
2,39,1,11,11,68034
3,71,4,10,7,140000
2,51,0,4,16,122000
3,83.66,4,5,22,116652
3,68,3,8,17,136000
1,38,2,2,23,36000
3,92,2,4,22,139900
2,51,0,5,19,37899
3,70,3,5,16,57900
3,67,4,8,12,73000
3,90.8,2,11,13,162300
3,75,1,8,2,138000
3,70,1,10,21,90000
3,77,2,5,26,145000
2,59.17,2,4,5,68900
2,58,2,5,17,83000
2,67.2,4,6,25,136000
1,32,1,5,1,28500
2,50,2,7,18,79500
3,88.79,2,7,27,72760
2,55,0,10,18,59500
3,123.23,2,6,13,290000
2,58,3,5,9,114000
2,60.15,8,11,16,79500
2,62,0,5,10,77000
2,59,1,4,26,59000
2,61,3,12,6,116900
2,51,9,9,4,75000
2,45,1,5,21,44650
1,37,0,8,15,61000
2,57,4,8,27,110900
2,55,1,4,2,65000
3,89.81,4,7,13,73715
2,56.3,5,11,14,75000
3,76.68,6,10,9,169000
4,90.1,4,4,14,119900
3,70.9,3,7,26,106257
3,58,7,10,24,65000
2,60,1,3,17,56000
3,112,3,3,5,64900
4,100,5,6,10,169000
2,61,1,12,16,115900
2,64.87,5,7,9,56000
2,57,8,8,6,78900
5,177.51,5,5,27,330000
3,83,3,8,8,175000
2,60,2,5,16,58900
3,130,3,7,16,265000
2,55,4,8,18,74000
3,77.51,2,7,13,152420
2,54.8,4,6,9,80000
3,64,3,8,19,97000
3,86.28,2,7,22,113900
1,40,0,3,23,47000
4,91.5,1,2,10,140000
3,68.64,0,6,4,166379
1,40,6,11,14,57900
3,64,2,10,27,91000
1,28,1,3,4,38000
2,55.3,3,5,20,82950
1,34.5,0,2,19,33000
2,63,1,3,7,59000
2,64.87,5,7,20,56000
3,78,11,11,11,102000
2,37,5,5,2,104500
2,50,4,4,13,64400
5,188.2,3,3,7,294000
2,98.47,5,5,18,89000
2,52,1,2,24,46900
2,59,8,10,26,89000
3,95.61,6,6,8,152976
3,108.04,2,5,21,169990
3,67,8,8,27,70500
4,90,4,10,8,76500
3,111,1,4,14,329500
2,65.15,4,11,14,79500
2,61,4,6,8,136900
2,57.34,1,5,23,83800
5,151,1,2,12,239000
3,77,4,8,5,76000
3,92,9,15,5,152000
2,50,1,3,9,45000
2,61.2,0,3,16,88500
2,56,7,11,12,69048
4,80,5,11,23,82990
2,65,1,7,21,56000
2,74.95,13,14,19,64457
2,74.95,13,14,14,64457
4,116.9,4,12,25,289000
3,75,3,5,1,189900
2,65,2,4,21,95000
1,43,1,11,14,55952
2,60,3,4,19,59629
1,46,3,3,4,64204
2,59.22,4,5,18,81800
2,47,0,3,6,43650
2,57.99,1,7,26,75387
2,60,2,4,6,89000
2,52,3,8,3,56900
2,61,1,3,12,51800
3,83.5,5,8,25,58000
2,82,14,15,3,135000
3,66.93,3,3,18,54000
3,79.05,4,5,27,70019
2,60.4,4,6,12,88000
2,44,1,11,15,53700
3,85.46,1,6,1,191941
2,53,7,10,19,69000
2,64.55,2,5,23,80687
3,84.58,2,5,27,175824
3,72,3,4,12,78500
3,72,5,8,23,70280
2,50,4,4,21,78000
2,57,1,11,9,73000
4,119.2,2,12,26,309000
2,63.24,2,6,22,125000
2,53,0,2,27,47650
3,75,4,8,1,90000
4,85,2,3,18,70000
2,61,2,3,22,116500
4,130,2,3,26,120000
2,66,1,8,2,92400
4,126,6,8,19,229000
2,57.88,1,3,17,46855
3,78,2,7,4,170000
3,63,1,5,13,64760
2,62,4,7,24,70000
2,70,5,8,5,145500
2,57,0,8,19,70000
3,76,1,5,6,105000
2,50.26,4,10,13,95000
4,60,0,10,20,61500
2,52.43,4,7,17,81257
2,45.81,1,11,19,56000
3,65,7,10,21,59000
3,160,3,3,2,305000
2,78,3,9,23,141392
3,60,1,2,26,73000
1,45,6,12,13,72000
2,56,1,4,5,87300
3,88.79,6,7,3,72760
3,83,5,9,1,120500
2,53,2,9,23,65700
4,82.63,9,10,7,87000
3,80,2,4,16,176160
2,51,0,8,6,75900
3,67,2,4,6,96000
3,86,6,16,25,180000
3,70,3,8,5,89000
3,60,0,8,13,64900
2,53,2,4,2,69000
3,70,0,3,3,125000
3,72,2,4,10,71580
2,51.35,0,4,20,64400
1,43,5,12,6,72400
2,64,1,3,6,59000
4,150,0,1,23,250000
4,96,1,8,14,95900
2,51,1,6,24,51000
3,75,7,8,24,117600
3,80,2,3,18,73000
3,96,9,16,27,167000
4,100,7,8,10,178000
1,34,4,7,1,58000
2,56,8,11,4,75000
3,68,6,8,4,67500
2,64,1,4,1,117500
1,33,3,7,16,26900
2,60.25,9,11,18,79500
2,52,1,8,16,124000
2,59,3,3,27,53000
1,41.4,0,9,24,48200
2,60,1,3,20,58000
2,52.5,3,11,8,47900
3,71,4,4,16,91400
1,32,1,5,24,38999
3,89.81,6,7,8,73715
3,117,2,4,8,169900
2,55,3,4,19,78000
2,40,3,7,26,32000
3,75,5,5,21,85000
3,55,5,10,3,65000
2,49.42,0,3,15,88000
3,98.24,7,9,16,70000
3,90,2,3,26,124000
2,38,2,10,9,42000
3,82.75,1,9,27,83000
2,63,6,7,7,101000
4,150,0,4,11,367000
2,60,2,3,23,55000
2,54.35,0,3,25,47000
3,70,0,6,26,59900
3,70,6,10,26,105000
3,93.2,4,4,12,144460
1,42,2,8,1,49000
3,80,4,8,26,138800
1,56,0,5,6,86100
3,70,4,10,26,140000
3,76,5,10,5,92000
3,70,6,10,11,58900
1,35,11,12,9,45925
2,53,5,9,13,64000
3,56,0,6,9,55000
3,75,2,3,23,149000
2,50.37,2,11,15,58000
3,96,2,3,13,127000
3,65,3,3,1,130000
3,92,4,8,3,119000
3,82,1,3,26,66500
4,135,7,8,11,199000
3,85,3,4,16,168000
2,67,1,3,3,62000
2,74,1,8,20,66500
4,93,8,8,8,138000
2,40,1,2,4,73000
2,47.17,0,10,21,53000
1,36,0,4,19,38000
2,51.5,4,4,1,60900
2,50,1,5,24,44010
2,45,4,4,11,56000
3,71.1,0,11,23,113800
2,49,0,4,8,45700
3,112,3,4,9,240000
3,70,0,5,17,120000
5,250,6,7,6,360000
2,56.77,6,7,26,80000
2,63,0,4,14,87000
2,56.79,1,1,20,159000
2,54.3,8,9,26,61600
2,57.8,4,6,2,84000
2,65.9,3,5,26,82375
2,58.85,1,4,15,68900
4,90,1,8,24,109000
1,35,11,11,27,66500
3,68,4,4,24,67999
1,46,3,3,9,64204
3,171,9,9,12,140000
2,51,4,9,1,58500
3,67,1,2,16,110000
3,81,5,8,23,152285
2,47,2,11,10,68500
3,94,4,4,17,99900
1,52,5,5,12,36190
2,70,1,4,4,149900
3,65.53,1,4,20,126000
1,37,0,3,12,39000
2,53,3,3,12,74000
2,46,3,10,21,70000
2,70,8,8,13,142000
4,62,10,10,18,55555
2,65,2,5,10,65900
3,92,1,14,9,110000
2,50,8,10,7,106900
2,51,1,4,26,83500
3,98,5,12,26,163633
3,65,8,8,1,79600
3,101.2,1,5,20,86000
1,41,10,10,25,44000
3,86,2,5,26,199900
1,34,0,8,17,55000
2,52,10,10,18,94000
2,85,0,6,25,48900
2,52,3,10,24,55000
3,92,5,5,19,47000
3,66,2,8,7,135000
4,160,1,1,10,275000
2,67,2,8,16,165000
3,63.5,6,7,2,70500
2,61,3,12,8,117900
2,54,1,3,20,72500
4,82,3,8,11,77900
2,50,3,4,16,48900
2,55.83,1,11,26,73000
2,46,4,10,2,44900
3,90,1,6,12,139000
2,41,1,1,19,31950
2,50,3,11,7,67500
1,42,1,4,25,59700
3,52,0,4,16,54900
3,79,1,4,6,71350
2,48,1,7,21,84930
3,94,3,3,25,155000
3,60,4,10,20,72000
3,75,2,5,5,58000
2,51.3,4,4,20,64900
2,59.85,5,11,14,79500
2,64,2,5,6,95900
2,60.26,8,9,17,67619
1,44.62,1,11,13,55000
2,81,4,14,26,137000
2,50,5,7,20,68500
2,59.93,6,6,3,51000
3,86,2,3,25,245000
2,64.87,2,7,7,56953
3,107,3,3,20,151200
2,56.3,11,11,7,75000
2,51.8,3,11,14,99800
4,121,0,10,20,172000
2,56.45,8,11,21,79500
1,37,4,8,18,76930
2,56,5,5,26,47025
1,51.1,2,2,25,55000
2,66,3,4,9,64500
4,91,1,5,7,112455
2,59.75,3,11,11,79500
2,59,2,4,21,69900
3,74,8,8,5,89500
3,71.87,4,4,10,94900
2,76,2,11,2,86227
3,65,4,4,4,59800
4,108.58,9,11,7,108700
4,88,1,8,2,95000
3,96,3,3,27,82500
2,51.86,9,10,10,65000
2,45.81,5,11,2,56000
2,41,2,6,27,52900
2,61,2,3,1,109000
2,50,0,4,10,93000
4,137,3,6,24,220112
2,55,6,11,22,56000
3,84,1,8,25,147350
1,36,2,10,9,43000
4,82,1,8,8,115000
2,49.1,1,3,3,76000
3,125,2,4,4,280000
3,89,1,1,8,106000
2,48,8,9,27,53499
3,67,4,4,19,62000
4,155,2,3,12,179950
2,57.63,2,15,5,110000
3,90,2,4,15,72100
3,80,2,3,15,78490
3,74,2,8,18,96500
1,50.51,1,5,12,63137
2,52,8,8,8,48000
3,77.3,1,3,24,68500
3,84,1,3,13,106000
2,55.68,1,9,10,113715
4,92,8,8,10,131000
4,59,8,10,5,47000
3,80,3,5,3,138990
3,81,7,8,13,130000
3,70,8,9,5,97000
4,90,9,9,22,99000
3,75,1,8,5,95000
1,36,6,10,21,55000
2,46,1,5,11,71357
1,50,1,14,22,118000
4,110,7,8,14,145000
3,68,1,15,11,81000
2,55,4,4,8,119000
3,92.6,4,7,1,157510
2,60,4,8,12,112000
2,55,4,4,21,78000
3,79,6,10,14,75000
6,165,0,1,21,375000
2,50,2,2,20,79900
6,232,1,1,16,459200
5,134,3,3,25,136000
3,79,3,5,7,175500
2,62,1,3,24,87000
3,90,3,5,7,170000
2,53,6,8,15,54000
4,80,5,10,8,102000
3,70,3,3,26,160000
2,52,1,4,6,41900
2,59,2,7,9,108510
1,35.5,1,7,10,72900
3,65,4,6,13,65000
3,68,0,2,23,117000
3,81,3,5,27,125000
3,68,2,8,23,109000
2,52,7,11,5,69500
3,54,2,3,21,74000
3,103,3,3,12,75000
1,40,3,10,22,51470
2,58,2,2,14,64500
3,73,5,14,7,130000
3,71,1,5,16,89953
4,112,0,1,9,150000
3,66.32,2,11,24,74000
2,78,1,4,4,64160
4,86,4,8,16,96000
2,64.87,3,7,10,56953
2,65.12,3,5,11,80687
2,56,10,11,22,65000
4,86.16,4,8,21,115000
2,92,0,4,22,75342
3,69,8,8,20,86500
5,188,15,16,2,450000
2,56,2,7,22,95000
3,76,6,8,23,173000
2,66,1,3,26,48950
3,76.95,2,11,14,102000
2,51,7,7,24,60000
2,62,4,10,23,67000
2,67,2,3,15,59950
3,80.4,1,9,27,92950
3,114.2,5,6,5,182720
2,50,4,4,20,63900
2,55,8,10,14,139500
2,48,2,5,26,54500
3,240,4,4,15,329000
2,62,7,12,7,92160
2,64,8,9,8,61500
3,84,2,3,4,72500
2,58,3,11,8,65760
3,128,4,7,20,138650
4,127,2,6,24,290000
2,64,1,6,26,179000
3,81.8,10,10,25,102500
2,49,7,10,19,68000
3,75,4,10,25,73000
3,81,4,6,23,227000
2,58,1,3,17,53500
4,128,3,3,12,280000
2,48,1,11,9,81071
2,70,5,7,2,152500
2,52,1,3,16,55000
4,130,2,3,12,105000
2,59,4,11,20,81528
3,94,2,3,17,185000
3,132,2,6,6,350000
3,82,4,6,21,159000
3,68,0,3,2,115000
3,71,0,5,18,94518
2,66,3,5,16,126000
2,55.45,3,5,7,83175
3,70,2,5,27,94719
2,56,1,4,16,59000
2,55,5,10,6,79500
2,50,9,10,21,59500
2,56,9,10,17,62000
3,127,2,6,15,290000
2,44,6,10,21,60900
3,70,6,10,20,69900
4,110,1,3,25,250000
2,56,3,10,2,73000
2,60,9,10,6,65000
2,52,4,4,25,59000
3,80,6,8,18,175000
2,35,10,10,20,40000
4,98,4,4,8,110000
3,72,1,8,5,105000
1,35,8,8,19,54000
2,52,1,10,10,79500
2,41.8,1,4,17,41705
2,59.7,1,1,17,72100
2,51,4,10,6,71000
2,54,3,10,25,59000
2,53,3,4,17,47300
2,50.22,1,7,26,51300
2,66,6,7,4,113000
3,70.35,1,10,2,87000
3,62,1,4,7,61655
3,65,8,10,22,72000
3,81.85,7,11,1,102500
2,76,3,9,21,89000
3,64,2,4,13,69990
1,43,2,4,23,44500
3,105,1,5,17,110500
4,85,0,4,11,79900
2,53.51,1,2,21,96000
3,84.26,2,5,9,179000
3,73,2,8,19,102800
3,67,4,4,2,75000
3,67.5,1,2,6,95000
2,50,4,4,20,51000
2,55,7,12,20,92616
5,94.4,2,7,21,140000
4,105,3,7,14,165000
2,87,7,11,14,53900
2,72,3,3,16,87000
2,55,3,5,7,81500
4,130,6,8,27,180000
4,101,4,4,3,125000
3,71,4,9,4,58000
3,74,2,8,21,168000
3,92,6,11,7,189000
4,123,2,6,10,160000
2,79.52,3,4,19,104500
3,67.66,10,11,22,129888
3,145,4,4,5,137498
1,40,0,4,7,50000
3,74.2,3,3,12,59800
5,142,2,3,7,350000
2,51,8,8,15,72000
2,50,4,4,20,77500
4,90,8,8,5,116500
2,52.2,9,10,6,46900
4,87,0,4,20,136000
2,51,2,5,20,46900
3,80,2,3,18,149000
2,52,2,10,26,64500
1,35,1,3,24,49900
3,67,2,7,27,92000
2,47,1,11,24,69600
3,75,1,5,19,146000
2,49,3,3,5,68240
2,50,9,10,24,47000
2,50,0,4,19,46500
1,32,9,10,11,36500
4,110,2,11,8,199000
2,50,4,10,17,59900
3,156.75,6,13,12,390000
4,104,6,7,23,245000
2,57.34,1,5,22,83800
2,70,2,10,14,142000
2,47,0,4,1,67000
1,37,11,11,21,45500
4,164,1,4,26,380000
2,63.86,2,2,14,132000
1,42,3,13,19,54500
2,54,1,5,7,123990
3,68,8,8,13,63000
2,63,2,8,20,114900
3,90,1,3,26,195000
1,40,4,4,6,45000
4,94,8,9,26,189000
4,80,4,4,21,80000
2,62,0,6,10,108000
2,55,3,8,23,56000
3,80,2,7,27,139000
2,55,2,5,23,80688
5,165,0,2,10,350000
2,51,3,10,19,55000
3,60,2,3,11,55650
2,75.49,10,14,21,64921
4,105,8,9,9,240000
3,75,8,8,13,79990
1,44,0,2,11,44000
3,56,1,5,11,89000
3,65,7,8,21,75500
3,110,5,6,7,110000
3,90.69,5,9,21,207850
3,95,1,10,17,125000
4,200,4,5,8,380000
1,37,0,4,12,40500
3,65,1,3,1,52500
2,64.87,5,7,19,56000
2,48,1,3,21,54800
1,37,0,8,5,79094
3,72,8,8,12,95000
2,60.4,0,6,26,48470
2,54.55,4,11,15,79000
3,60,2,3,5,135000
3,50,5,7,20,86000
3,67.1,1,9,19,79500
1,27.76,7,10,25,38900
2,52,1,3,6,68000
4,99,0,4,3,130000
4,270,5,5,2,377000
3,91,3,4,16,173500
4,170,2,5,19,375000
2,49,9,10,9,68500
2,52,1,4,26,54900
2,72,3,4,10,73000
2,61,8,9,2,90000
3,64,11,11,3,65000
3,89.81,3,7,10,73715
2,40,5,5,18,35900
4,79,5,10,25,114500
2,59,1,7,26,104440
2,51.86,0,6,8,54453
3,70,1,1,13,89953
3,70,4,11,3,88000
3,71,5,10,2,127300
2,57,1,4,7,57000
4,105.95,10,11,5,132500
2,63.5,6,7,1,69850
2,58,2,5,22,63900
2,52,1,2,1,46900
2,40,0,4,14,42900
2,55,5,8,7,82500
2,60,2,3,5,63000
2,50,0,10,22,55000
2,60.25,7,11,2,79500
2,45.17,4,11,22,55000
4,92,2,7,25,83000
3,116,2,3,17,149000
2,49,2,5,8,42000
3,63,2,2,7,83000
2,61,4,6,9,135000
1,45,1,1,3,33600
3,81,5,7,11,160000
2,62,4,7,19,70000
3,68.25,1,11,11,83000
2,60,11,11,3,79500
5,111,2,10,13,289000
3,96,1,4,16,119700
2,58,1,3,14,68000
3,72.1,3,11,6,103500
2,55.51,1,2,24,96000
2,50,0,4,7,38000
3,64.45,0,11,18,127000
2,50,0,5,1,76600
4,131,6,8,5,180000
2,54.55,2,11,27,83500
2,64.87,7,7,26,56000
4,148,2,4,10,329000
1,36,4,5,18,26000
1,44,3,12,27,72550
3,88.79,7,7,18,72760
2,51.7,5,6,22,40200
3,80,1,4,24,74500
3,78,7,8,13,114000
2,58.9,2,11,7,73500
1,29,3,4,14,35000
3,71.65,5,11,15,103000
2,55,2,4,19,50900
2,56,6,12,3,55000
2,49.9,2,7,18,89700
3,75,2,8,6,105000
3,62,1,4,9,79000
3,99,1,8,8,230000
2,49.76,8,10,25,69000
3,87,5,6,11,218000
3,96,2,3,7,128000
2,58.38,1,5,10,120089
4,80,0,5,13,111247
3,72,9,10,5,137000
3,80,1,8,4,130000
3,80,4,7,1,139000
4,80,0,4,2,75500
5,140,2,3,6,215000
1,33,6,8,21,52800
2,51,0,4,18,97000
3,78.15,10,11,12,102000
2,52,1,8,10,39900
3,78,3,4,12,88400
2,56.3,7,11,18,75000
1,41,2,4,17,46000
2,73,1,1,19,165000
2,59,1,11,7,79500
3,75,2,5,7,58800
2,60,0,5,4,55000
2,62,3,4,12,95286
4,92,0,1,12,138000
2,54.97,2,3,18,59000
3,93,4,5,26,204000
3,68,0,4,4,72000
2,61.27,7,9,27,45000
2,60,2,6,14,82998
4,108,1,7,4,83000
1,33,10,10,9,39900
2,58,4,7,16,62000
4,99,0,5,13,229000
2,45,0,1,23,79000
3,65,4,8,11,73900
3,80.38,0,3,2,130000
3,72,7,8,13,73500
1,32,3,10,2,44500
2,50,7,8,27,65000
4,103,1,1,26,93000
3,70,7,9,19,91000
2,98,0,6,23,54900
3,95.97,0,11,8,171500
3,85,2,9,1,80000
2,68,2,5,20,98000
3,68,2,2,12,125000
3,57,1,1,18,98000
3,77.6,8,8,21,97000
4,88,3,4,15,85999
3,92,3,4,20,200000
3,65.2,11,11,25,82000
2,55,1,3,4,50000
3,81,0,4,13,210000
1,34,1,3,9,37000
6,175.18,0,1,25,200000
4,112.85,3,5,14,185077
4,82,2,8,27,109900
3,70,7,8,7,72500
2,67,2,3,22,59950
3,87,1,9,12,125000
2,70,3,7,6,44000
3,88.79,4,7,16,72760
2,81.64,5,5,19,79000
3,80,7,10,19,174000
2,59.75,2,11,22,79500
3,85,4,4,19,143000
3,88.79,3,7,1,72760
2,59,7,9,25,118900
2,56,3,7,17,43500
3,88.79,7,7,13,72760
1,33,8,8,19,41000
2,61,0,5,24,56000
3,76,8,10,12,77500
2,47,2,7,15,83000
2,51,3,4,15,65000
2,51,6,10,20,60500
4,81.84,1,1,18,129000
2,52.61,3,11,23,64600
2,49,2,3,2,61500
3,78,4,5,22,89999
3,78,2,6,15,111500
3,72,7,7,25,58900
4,121,3,5,22,132000
2,60,2,3,1,89900
3,77,4,11,13,102000
1,30,0,3,6,47000
2,57,6,11,24,89900
2,59.67,2,4,6,72400
2,39,1,5,27,38500
3,71,3,10,9,79900
2,50.9,0,6,4,43500
4,145,3,4,17,328000
2,58.79,2,3,26,107000
2,55.91,1,7,16,107730
2,61,2,5,12,108000
1,33,6,8,25,46000
3,88.79,3,7,26,72760
2,55,4,8,8,72500
3,66,2,8,22,69900
4,93,4,11,18,219000
2,51,3,10,17,50500
4,86,0,8,24,95000
2,57,1,5,21,86600
2,57,1,4,23,62000
3,85,2,4,20,115000
5,120,11,12,27,205000
1,30,7,9,19,42000
3,63,10,11,1,49900
4,135,2,6,11,290000
2,82,4,17,4,130000
3,150,3,4,14,445000
4,89,9,10,11,159000
2,56,9,10,11,49400
2,60,6,8,2,120000
3,80.29,0,11,10,99000
2,54,2,8,9,69000
2,45,0,8,17,57200
3,87,2,6,23,210000
3,73,4,5,9,83000
1,33,4,4,26,44500
3,100,1,4,21,124500
2,62,1,3,3,57500
1,20,6,10,1,33000
3,106,2,5,16,117500
3,72,7,7,23,97000
2,118.25,5,5,1,89110
3,88,5,7,14,85000
1,42,2,11,19,46000
2,59.97,4,9,27,129000
3,80,7,8,3,141000
3,70,1,5,15,132000
3,87,0,3,26,150000
3,73,5,12,10,134999
3,78,1,7,10,88000
2,50,4,6,20,42500
3,72,1,4,12,64300
3,150,0,6,14,359000
2,53,2,10,19,65000
3,85,5,10,18,123000
2,54.4,0,11,6,65200
3,70,6,10,13,62000
2,53,1,8,3,76990
4,125,0,2,15,230000
2,55,5,10,27,61500
5,154,0,2,5,220000
2,57,6,11,9,57100
1,32,0,8,10,40000
3,72.15,0,5,3,125000
2,55,1,4,6,58999
2,45,2,9,20,62500
2,46,7,10,26,53000
2,57.79,4,10,12,112000
1,45,3,6,21,36500
2,62,1,2,11,56500
5,142,1,2,22,180000
2,47,2,2,17,47900
1,40,2,4,26,46000
2,59,2,7,17,50500
4,88.69,2,3,15,159000
2,56,5,7,21,51900
2,52,2,5,21,46900
3,85,2,5,12,136170
3,100,5,11,6,180000
2,63,3,8,27,139000
3,85.3,8,8,10,84358
2,60,2,7,27,55501
1,37,4,11,26,49524
1,32,0,3,21,54900
2,53,3,4,24,85000
2,65,1,5,11,48000
2,57,0,3,27,75672
1,32,0,3,4,30500
2,57,4,5,6,75000
3,138,2,5,7,178000
2,54,6,8,17,65000
3,88,4,6,12,169000
3,76,7,10,12,115100
3,126,5,5,7,243000
4,152.57,10,14,19,131772
2,53,2,3,8,80130
2,61,1,8,18,124000
2,69.9,2,8,3,62672
2,57,9,9,14,71620
2,54,10,10,5,79900
2,54,3,4,11,53800
2,76,0,3,10,84000
3,84,1,5,2,133820
2,75,0,4,6,109000
2,53,1,3,4,45000
4,83,1,10,17,163000
3,83,4,5,17,202900
4,118,0,3,11,265000
2,74,1,5,1,88900
4,119.8,3,3,13,158500
3,82,1,5,5,73400
2,54,1,5,17,47000
2,75,4,5,25,125539
3,76,3,3,2,93500
3,60,5,11,25,66000
2,42,7,10,4,49600
3,62.43,0,11,21,76500
2,54,1,3,14,50000
3,145.8,1,8,9,280000
2,69.9,1,8,9,62672
2,74,2,5,11,66800
2,57,4,5,8,55500
4,99,6,8,2,178000
3,90,5,8,9,145000
2,63,3,11,8,59900
1,33,10,11,3,34500
2,67.5,1,6,16,68000
2,67,3,3,2,45500
2,63,0,3,6,56000
2,36,2,6,3,46340
2,58,1,5,24,84960
3,84,3,4,27,64900
3,55.78,8,9,8,85000
3,73.25,10,11,12,103000
3,111.35,1,3,5,173025
2,54,1,5,1,124000
2,52,2,4,6,41900
1,48.14,1,6,9,76320
1,37,1,2,15,46900
3,79.2,1,4,9,68950
3,111,11,15,25,155000
3,88.62,3,8,26,169632
2,56.18,9,9,11,90000
2,51,0,4,17,64400
2,50,2,4,20,56000
3,85,5,8,25,174000
2,38.21,10,11,6,47000
1,30,1,5,10,25500
2,65,3,3,21,95000
2,60,9,10,4,63300
3,65,1,3,21,84900
2,66.3,1,2,25,81500
1,32,4,6,3,30400
3,102,7,11,11,174990
2,55,1,11,6,78900
3,71,6,10,4,170000
3,82,1,9,20,94000
3,81,3,8,15,79000
3,102.58,5,17,18,119000
2,55,4,4,20,67500
4,95.16,0,3,11,165000
4,99,3,6,13,215000
4,86,1,1,22,102000
3,60,3,8,6,91000
3,69,1,4,7,58800
1,18,4,10,24,32500
1,43,0,3,9,33000
3,83,2,7,18,93000
3,63,3,4,2,129990
3,110,2,5,13,173000
3,98,11,16,3,167000
1,33,0,4,14,35500
1,50,2,7,4,105000
2,63,1,4,2,65000
2,60.46,1,5,19,92500
1,39,1,6,22,40900
3,68,5,5,22,79000
3,74,4,5,13,74999
4,85,0,8,12,82500
5,136,4,5,8,287000
3,64,0,4,7,59750
4,176.5,2,5,17,263600
3,74,3,11,1,74000
3,74,0,8,16,173850
3,100,6,8,14,167000
2,60,3,9,10,71600
3,65,0,4,5,85000
1,31,2,2,5,26999
3,77.87,2,9,21,170346
2,56,1,9,12,79800
2,56,9,9,26,90000
1,38,2,6,15,35500
3,73,7,10,26,110000
1,35,1,6,16,27500
2,52,2,7,4,61000
1,32,3,10,4,45500
3,79.2,3,11,18,144000
3,64.12,7,7,3,99726
2,66,1,3,12,68000
3,70.19,3,5,23,140400
4,135,7,8,18,199000
2,60,6,10,13,88000
2,56.36,1,9,9,114250
3,67,1,4,4,75900
2,56.66,5,9,6,118965
4,121,6,6,1,296000
2,61,1,8,6,111200
2,112.91,0,6,1,330000
2,53,1,3,24,48900
2,58,4,7,18,104900
3,65,1,3,2,140000
2,67,5,12,4,111466
2,62,2,5,9,150000
2,60,9,10,1,66900
3,75,2,2,16,56100
2,47,1,8,6,50000
2,63,1,5,5,124000
1,34,1,3,24,35500
2,55,3,3,10,70500
3,94,2,2,16,144000
3,69,0,3,25,125000
2,56.31,5,10,4,118500
1,30,1,10,11,42500
2,41.5,0,3,10,59000
2,55,1,5,10,58900
4,156,3,4,24,275000
4,80,4,4,15,75000
2,52,4,4,1,57900
3,95,10,11,12,101000
2,65.2,1,8,11,56000
2,56,3,7,13,108000
2,52,1,6,26,44300
2,59,4,4,13,120000
3,68,0,8,17,73900
4,90,7,10,22,92000
1,35,0,4,2,37050
3,110,10,10,16,204250
2,36,1,4,11,42800
3,99,2,8,1,195000
3,62,3,4,18,79000
2,59,1,8,17,74000
4,123.5,1,6,12,235000
2,52,2,10,14,50500
3,81,0,4,4,210000
3,87,3,3,9,135000
5,111,2,10,26,289000
2,98.26,0,3,6,220400
2,80,9,16,4,140000
4,82,10,10,20,85000
2,56.45,11,11,20,69000
2,64.87,2,7,22,56953
2,43,3,3,18,67000
2,51.3,1,5,20,46900
3,84.5,3,4,22,99900
2,67.2,6,6,23,107520
3,87,2,3,4,150000
3,72.1,2,11,10,103000
2,53,2,3,10,80130
4,96,9,9,1,105000
1,42,1,5,24,52000
2,52,1,5,15,58900
2,52,8,10,22,51900
2,60,2,2,11,51000
3,64,1,11,12,110188
3,89.5,1,3,18,123500
3,78,1,11,4,130354
1,16,2,4,1,19900
1,37.09,1,9,7,39700
3,107.05,2,4,18,129999
2,58.85,1,4,10,69900
3,62,1,4,21,79000
3,78.14,1,4,9,92400
2,53,7,10,1,53000
2,56,2,3,16,53500
3,85,2,3,7,74990
2,55,2,5,18,74900
4,109,2,5,2,149500
2,40,2,3,20,48500
1,52,1,2,11,29000
5,120,6,7,15,256000
1,16,4,4,26,19900
3,85,2,5,1,114500
2,54.2,3,11,8,68000
1,30,1,2,15,19500
2,68,1,7,6,125000
2,56,2,3,26,53500
3,84.2,4,4,3,120000
1,35,2,4,19,43000
1,40,0,5,25,44500
1,43,8,10,1,64000
2,48.83,2,11,9,61000
4,157,1,4,4,458700
2,66.17,2,2,3,94300
2,55,1,11,26,88424
4,107,1,7,20,235000
3,93.12,1,2,27,130252
2,54.37,2,4,4,96300
2,58,4,4,5,59000
2,64,3,8,23,148000
3,62,3,6,1,58700
2,87,0,4,15,73592
2,55,1,1,23,117000
2,58,1,5,3,57200
2,56.19,7,10,6,79900
2,56.75,4,6,22,83000
1,31,1,10,14,40000
3,71,6,6,1,135000
2,56.6,2,4,9,64900
1,41,0,3,25,35000
2,55,5,9,17,79800
3,88,1,2,12,135000
2,55,7,12,13,92616
2,39,1,6,9,35000
3,68,2,8,26,87800
3,90,2,5,10,140000
4,145,3,4,6,325000
2,51,2,4,21,65000
3,79.2,3,11,11,144000
2,63,2,5,6,90500
1,32,4,4,7,38000
6,173.7,1,2,18,185000
2,54.35,0,11,2,130000
2,52,10,10,26,59999
2,57,3,5,8,62900
2,72,2,9,21,81700
1,40,2,5,6,31333
2,55,2,9,7,71800
2,80,3,9,2,93500
2,51.6,5,11,20,104900
2,54,5,5,8,61500
3,73.04,0,5,7,135000
2,52,8,8,26,68499
3,64.75,2,2,9,85500
2,63.13,1,1,16,112000
1,35,2,3,9,35000
2,52,2,3,5,48000
3,104.26,5,11,10,255000
2,70,1,8,21,125000
2,57,2,3,20,67900
3,69,3,3,11,75900
2,38.86,3,5,8,33155
4,84,5,8,8,88000
1,32,3,11,16,45000
1,40,4,4,11,47900
3,74,4,10,14,95000
1,44.06,1,5,6,55075
3,85,5,6,9,209000
1,45,1,4,25,76415
2,52,6,8,9,62500
3,85,7,7,4,200000
2,46,6,6,13,65000
2,52,1,5,27,56000
2,58.15,3,3,25,87000
4,133,2,3,25,374900
1,37,2,5,8,44300
3,80,1,8,8,145000
4,82,4,4,21,82500
2,51,1,5,26,46900
3,62.43,0,11,22,76500
2,53,1,6,19,45000
3,70,3,4,19,114000
4,81,6,8,22,116000
3,80,6,11,14,150000
1,32,7,10,22,39000
2,55,1,3,18,54500
2,54.2,8,11,8,68000
3,61,1,10,5,62900
3,78,7,11,15,185000
2,56,2,5,12,84500
3,67,4,4,11,74500
2,50,8,15,16,61000
2,55,2,11,13,82900
3,66,1,2,3,89000
2,52,7,8,27,89500
4,83,0,8,14,83500
5,210,1,2,21,319000
2,56,5,8,24,81900
3,94,2,4,12,175000
3,120,1,3,22,94500
3,77,1,4,26,174000
2,49,1,7,10,63800
3,78,5,8,7,79000
2,56,1,4,8,44000
3,75,3,4,25,129000
4,110,6,7,15,195000
2,35,3,3,16,64000
1,37.65,0,5,26,39600
3,82,2,5,24,135000
3,63.47,1,6,24,135000
2,55,8,10,3,47900
2,51,4,5,2,53333
1,35.06,10,12,17,60000
3,65,8,8,12,67000
4,187,1,8,20,370000
1,46.78,1,7,6,41429
3,80,2,11,11,75000
1,18,7,10,4,25500
3,78.4,1,11,26,142000
3,84,2,5,15,159000
3,107,2,3,21,76800
3,68,10,11,27,100000
2,54,4,4,11,95500
2,50,1,6,21,41900
3,72,10,10,12,75000
2,66,7,7,10,66900
2,93.79,5,5,27,70478
2,64.87,4,7,7,56953
3,62,7,10,20,69900
2,50,2,11,8,50500
2,43,7,7,26,42500
3,86,1,1,3,194000
4,93,1,5,17,200000
2,71,9,9,16,96000
3,72,2,11,26,73000
4,174,3,4,14,160172
3,90.63,2,2,13,180800
1,33,2,5,15,28500
2,54.1,1,10,6,105000
4,160,4,6,4,289000
2,52.2,7,12,17,99500
4,128,9,10,1,199000
4,104,10,11,2,110000
2,58,1,3,9,61000
2,56,3,4,26,65000
5,113,1,8,22,210000
2,55,3,8,24,44000
1,33,1,4,14,30000
2,65,9,11,6,109500
3,122,6,8,25,245000
2,59,1,9,26,73000
2,72.82,1,9,2,94666
2,96.24,11,11,23,135000
3,90,0,4,13,140000
3,66,3,7,25,67450
3,88.79,4,7,2,72760
1,45,3,4,15,52000
4,151,2,3,10,246400
1,42,8,8,1,49500
2,39,3,10,8,58000
2,55,5,10,5,58500
3,82,1,5,7,75700
2,82,0,4,17,179000
1,41,1,6,5,42380
2,55,2,3,4,100000
3,70,9,10,3,65500
2,59,8,9,27,68500
3,60,5,7,20,70500
5,200,0,3,20,229000
4,78,1,4,26,78000
3,70.46,0,5,18,66900
4,85,8,8,24,91899
3,97,4,5,11,165000
3,80,2,8,7,180000
4,112,2,8,7,160000
2,58,1,3,4,47500
2,49,3,4,19,73000
1,32,1,8,7,32000
4,85,3,8,13,84000
3,61,3,4,2,66000
4,95,7,10,25,96999
5,180,2,3,25,249000
2,59.63,5,8,10,74998
1,39,0,3,1,52500
2,40,0,2,24,38000
3,65,1,4,20,126000
2,63,0,8,14,70000
4,84,7,8,17,87000
1,32,1,10,27,45500
1,31,0,11,8,44000
3,74,1,8,12,170000
3,112,0,1,7,87000
3,119,6,6,5,230000
2,54,1,2,17,66414
2,50,2,3,6,105000
3,67,7,10,12,97000
1,38.96,1,3,7,35000
2,54,2,3,24,54920
1,42,1,4,27,42800
1,41,5,5,3,44900
2,37,3,10,15,45000
3,92,1,6,26,139000
2,53,1,3,6,80000
3,145,3,6,7,300000
2,69,4,12,26,159000
3,90,1,15,19,89500
3,129.36,0,7,19,167000
2,51,2,3,17,89900
3,67,9,10,3,85000
2,78.39,9,11,12,52900
2,62,2,3,5,84630
2,48,4,4,25,109999
2,40,8,10,17,46000
1,39,0,8,19,55000
4,77,1,8,19,103000
2,52,0,2,12,53800
3,65,1,8,27,77000
2,60,3,3,6,55300
1,40.13,0,3,18,37100
3,80,0,7,1,110000
3,121,6,8,1,245000
4,134,1,6,20,335000
2,37,0,4,8,35000
2,44,2,2,27,45450
1,33,4,10,18,57000
3,89,5,6,5,135000
2,55,1,3,27,49500
1,33,0,3,6,45000
3,57,0,8,20,62800
3,125,0,5,11,135000
3,76.6,1,2,25,104900
2,75,3,6,3,120000
4,87,4,4,12,98000
3,62,2,4,21,65000
4,81,6,10,14,94999
2,46,4,11,17,63665
4,132,8,8,23,190000
2,46,3,3,2,56500
3,62,5,5,22,59900
2,59,0,8,19,73000
1,40,2,8,15,65000
4,124,8,8,22,250000
4,124.16,4,13,17,300000
1,29,0,1,13,39500
3,71,10,10,26,72000
2,82.2,0,5,22,110000
2,62,1,3,5,53500
2,43,1,6,9,85500
2,51,3,6,12,55000
4,130,11,11,12,226888
3,63,2,8,25,50400
2,55,9,9,20,70000
3,90,2,5,17,71500
3,85,1,5,8,78570
3,117,2,6,10,290000
3,76,2,3,14,156000
1,33,0,5,12,41000
2,58,1,3,23,52500
2,53,8,10,18,85000
3,80,2,8,23,170500
2,55,6,10,13,76500
4,145,2,5,17,249000
3,66,6,8,16,73600
3,90,0,3,12,113900
1,42,1,3,4,42000
2,50,6,10,14,57000
3,78.42,0,10,13,187000
4,114,1,8,15,269000
4,110,5,8,18,100000
1,49,1,10,9,49000
3,102,2,5,23,189000
4,96,1,3,10,200000
1,35,1,3,11,47000
2,60,6,7,27,89500
3,80,3,5,15,139000
